id,municipio,nome,latitude,longitude
1,Barracão,BR - 163,-26.252504621007677,-53.63504775016634
2,Bonito,MS - 382,-21.10546875002284,-56.52996538713884
3,Bonito,MS - 178,-21.11227480674732,-56.508164393232896
4,Bonito,MS - 345,-21.109232137560618,-56.48241518743024
5,Bonito,Aeroporto Regional de Bonito (BYO),-21.244117380212145,-56.45018667449017
6,Campo Grande,BR - 262,-20.477739661287053,-54.75183813941748
7,Campo Grande,BR - 163,-20.378125809851173,-54.53770809663753
8,Campo Grande,BR - 060,-20.552352200422952,-54.66908903017683
9,Campo Grande,BR - 010,-20.402909299574493,-54.61780076788647
10,Campo Grande,MS - 080,-20.409481170315352,-54.73123227158982
11,Campo grande,Aeroporto Internacional de Campo Grande,-20.45728056280677,-54.66873253011033
12,Capanema,BR - 163,-25.66992581437412,-53.80851623581882
13,Corumbá,BR-262,-19.03010710649968,-57.61862421615328
14,Corumbá,Aeroporto Internacional de Corumbá,-19.014209785943653,-57.66380973734551
15,Corumbá,Porto Geral de Corumbá,-19.013724414982025,-57.66380045669735
16,Dionício Cerqueira,BR - 163,-26.252457771274948,-53.63515429210323
17,Dionísio Cerqueira,Aeroporto de Dionísio Cerqueira - SND6,-26.28744661561516,-53.63192700318123
18,Foz do Iguaçu,BR - 277,-25.49231418362942,-54.51479531745359
19,Foz do Iguaçu,Aeroporto Internacional de Foz do Iguaçu/Cataratas,-25.5977504500675,-54.48852193203782
20,Guaíra,BR - 163,-24.085010690494485,-54.24361305284945
21,Guaíra,BR - 272,-24.10555489557092,-54.26316036413064
22,Guaíra,Aeroporto Municipal Walter Martins de Oliveira,-24.08018247360384,-54.18748654557641
23,Guaíra,Porto de Guaíra,-24.06983930668603,-54.24133583121571
24,Medianeira,BR - 277,-25.286949700177843,-54.09567930759435
25,Medianeira,BR - 495,-25.287139688753825,-54.09567930759435
26,Medianeira,Aeroporto Municipal Medianeira (SSMD),-25.308899638083226,-54.07514035832922
27,Mundo Novo,BR- 163,-23.93499494004608,-54.281475741000165
28,Mundo Novo,Porto Isabel,-23.9980190680772,-54.2005213000487
29,Ponta pora,Estação Ferroviária Noroeste Do Brasil - Ramal De Ponta Porã,-22.52376201194024,-55.733694335700974
30,Ponta Porã,MS - 164,-22.47400345208612,-55.75019915687674
31,Ponta Porã,BR - 463,-22.582895872013115,-55.685406880417816
32,Ponta Porã,Aeroporto Internacional de Ponta Porã - PMG,-22.551852879500167,-55.70619349164591
33,Porto Murtinho,BR - 267,-21.698903657761253,-57.87588456417709
34,Porto Murtinho,Porto Carandá,-21.70528290169036,-57.89503309610471
