id;nome_fantasia;tipo_logradouro;logradouro;numero;bairro;cep;uf;codigo_municipio;nome_municipio
1;ACM;RUA;DOM PEDRO I;470;NOSSA SENHORA SALTE;89950000;SC;8097;DIONÍSIO CERQUEIRA
2;ATOLADOS DA FRONTEIRA;AVENIDA;SETE DE SETEMBRO;1157;CENTRO;89950000;SC;8097;DIONÍSIO CERQUEIRA
3;NA;RUA;GUERINO PERCIO;20;PEPERIGUACU;89950000;SC;8097;DIONÍSIO CERQUEIRA
4;NA;RUA;araucaria;231;jardim imperador;89950000;SC;8097;DIONÍSIO CERQUEIRA
5;NA;RUA;PRESIDENTE VARGAS;780;CENTRO;89950000;SC;8097;DIONÍSIO CERQUEIRA
6;NA;RUA;XV DE NOVEMBRO;45;CENTRO;89950000;SC;8097;DIONÍSIO CERQUEIRA
7;NA;RUA;NAVILIO DOSSENA;79;PEPERIGUACU;89950000;SC;8097;DIONÍSIO CERQUEIRA
8;FG SERVICO E COMERCIO;RUA;DO DIVISOR;584;CENTRO;89950000;SC;8097;DIONÍSIO CERQUEIRA
9;NA;RUA;PRINCIPAL;970;BAIRRO JOANA;89950000;SC;8097;DIONÍSIO CERQUEIRA
10;NA;RUA;PRESIDENTE VARGAS;1070;CENTRO;89950000;SC;8097;DIONÍSIO CERQUEIRA
11;NA;RUA;PROJETADA;61;AEROPORTO;89950000;SC;8097;DIONÍSIO CERQUEIRA
12;GOLD PUB BEER;AVENIDA;INTERNACIONAL;1431;NASCENTE DO PEPERI;89950000;SC;8097;DIONÍSIO CERQUEIRA
13;NA;RODOVIA;BR  163;3421;NOSSA SENHORA DA SALETE;89950000;SC;8097;DIONÍSIO CERQUEIRA
14;NA;RUA;JULIO DALMAS;15;CENTRO;89950000;SC;8097;DIONÍSIO CERQUEIRA
15;NA;DISTRITO;SAO PEDRO TOBIAS;SN;INTERIOR;89950000;SC;8097;DIONÍSIO CERQUEIRA
16;A.C.E.C;RUA;SALDANHA DA GMA;1300;CENTRO;89950000;SC;8097;DIONÍSIO CERQUEIRA
17;PRESTACAO SERVICO COSTINHA;RUA;ALONSO RIGO;5;SAO SILVESTRE;89950000;SC;8097;DIONÍSIO CERQUEIRA
18;NA;ESTRADA MUNICIPAL;Linha Palmeira;sn;Zona Rural;89950000;SC;8097;DIONÍSIO CERQUEIRA
19;LUGOR CAMBIO E TURISMO;RUA;REPUBLICA ARGENTINA;284;CENTRO;89950000;SC;8097;DIONÍSIO CERQUEIRA
20;NA;RUA;PRINCIPAL;10;AEROPORTO;89950000;SC;8097;DIONÍSIO CERQUEIRA
21;NA;RUA;PRINCIPAL;29;AEROPORTO;89950000;SC;8097;DIONÍSIO CERQUEIRA
22;NA;RODOVIA;BR 373;SN;DISTRITO DE IDAMAR;89950000;SC;8097;DIONÍSIO CERQUEIRA
23;NA;RUA;SAO MIGUEL;655;CENTRO;89950000;SC;8097;DIONÍSIO CERQUEIRA
24;NA;AVENIDA;PARANA;208;CENTRO;89950000;SC;8097;DIONÍSIO CERQUEIRA
25;NA;RUA;TRAVESSA JULIO PEREIRA DE SA;52;CENTRO;89950000;SC;8097;DIONÍSIO CERQUEIRA
26;MC FAVORITT BURGUER;RUA;7 DE SETEMBRO;1024;CENTRO;89950000;SC;8097;DIONÍSIO CERQUEIRA
27;NA;RUA;7 DE SETEMBRO;995;CENTRO;89950000;SC;8097;DIONÍSIO CERQUEIRA
28;PLAY BEACH SPORTS;AVENIDA;WASHINGTON LUIZ;SN;CENTRO;89950000;SC;8097;DIONÍSIO CERQUEIRA
29;NA;AVENIDA;PARANA;206;CENTRO;89950000;SC;8097;DIONÍSIO CERQUEIRA
30;NA;RUA;PRESIDENTE VARGAS;860;CENTRO;89950000;SC;8097;DIONÍSIO CERQUEIRA
31;TCHE MICHURRI;TRAVESSA;HERONDI SCHREINER MARAN;SN;CENTRO;89950000;SC;8097;DIONÍSIO CERQUEIRA
32;ASSOARFRO;RUA;SALDANHA DA GAMA;1;CENTRO;89950000;SC;8097;DIONÍSIO CERQUEIRA
33;BAR E MERCADO VIERA;RUA;A 11;S/N;UNIAO;89950000;SC;8097;DIONÍSIO CERQUEIRA
34;NA;RUA;DOM PEDRO II;820;CENTRO;89950000;SC;8097;DIONÍSIO CERQUEIRA
35;HOTEL IGUACU;RUA;MARIO CLAUDIO TURRA;260;CENTRO;89950000;SC;8097;DIONÍSIO CERQUEIRA
36;YUME SUSHI DELIVERY;RUA;REPUBLICA ARGENTINA;7;CENTRO;89950000;SC;8097;DIONÍSIO CERQUEIRA
37;ACADEMIA DINAMICA;RUA;RIO GRANDE DO SUL;229;CENTRO;89950000;SC;8097;DIONÍSIO CERQUEIRA
38;NA;RUA;Vereador Pedro Johan;410;Peperiguacu;89950000;SC;8097;DIONÍSIO CERQUEIRA
39;NA;RUA;REPUBLICA ARGENTINA;129;CENTRO;89950000;SC;8097;DIONÍSIO CERQUEIRA
40;NA;RODOVIA;BR 163;3 A;ACESSO AO PORTO SECO;89950000;SC;8097;DIONÍSIO CERQUEIRA
41;NA;RUA;JULIO DALMAS;15;CENTRO;89950000;SC;8097;DIONÍSIO CERQUEIRA
42;LANCHONETE E PASTELARIA BONISSIMA;RUA;PRESIDENTE VARGAS;1070;CENTRO;89950000;SC;8097;DIONÍSIO CERQUEIRA
43;PIZZARIA LA FAVORITTA;RUA;PRESIDENTE VARGAS;980;CENTRO;89950000;SC;8097;DIONÍSIO CERQUEIRA
44;NA;RUA;NADIR CARLOS ZANGALI;5;UNIAO;89950000;SC;8097;DIONÍSIO CERQUEIRA
45;PALACE HOTEL;RUA;SETE DE SETEMBRO;809;CENTRO;89950000;SC;8097;DIONÍSIO CERQUEIRA
46;RESTAURANTE E LANCHONETE DO PORTO;RODOVIA;BR 163;SN;NOSSA SENHORA DA SALETE;89950000;SC;8097;DIONÍSIO CERQUEIRA
47;NA;10A RUA;DAS AZALEIAS;197;LOTEAMENTO ALBERTO SILVESTRE;89950000;SC;8097;DIONÍSIO CERQUEIRA
48;LANCHONETE DA DULCE;RUA;MARIO CLAUDIO TURRA;150;CENTRO;89950000;SC;8097;DIONÍSIO CERQUEIRA
49;RESTAURANTE GRENAL;RUA;7 DE SETEMBRO;867;CENTRO;89950000;SC;8097;DIONÍSIO CERQUEIRA
50;NA;RUA;DIVISOR;300;PEPERIGUACU;89950000;SC;8097;DIONÍSIO CERQUEIRA
51;NA;RUA;VEREADOR JOAO VICTORIO VERONA;154;CENTRO;89950000;SC;8097;DIONÍSIO CERQUEIRA
52;NA;3A VILA;LIMHA JACO MARAM;0;LINHA JACO MARAM;89950000;SC;8097;DIONÍSIO CERQUEIRA
53;NA;RUA;RUA 04;160;BAIRRO SAO SILVESTRE;89950000;SC;8097;DIONÍSIO CERQUEIRA
54;NA;RUA;VEREADOR CARMELITO DE SOUZA;15;PRIMEIRO DE MAIO;89950000;SC;8097;DIONÍSIO CERQUEIRA
55;NA;AVENIDA;PREFEITO ADELINO MANGINI;104;CENTRO;89950000;SC;8097;DIONÍSIO CERQUEIRA
56;KASA SAKURA;AVENIDA;PARANA;206;CENTRO;89950000;SC;8097;DIONÍSIO CERQUEIRA
57;NA;RUA;DO DIVISOR;202;CENTRO;89950000;SC;8097;DIONÍSIO CERQUEIRA
58;NA;ACESSO;PORTO SECO;SN;TRES FRONTEIRAS;89950000;SC;8097;DIONÍSIO CERQUEIRA
59;CAFE COLONIAL E CONVENIENCIA DO VEIO DA BR 163;RODOVIA;BR 163;KM 57;INTERIOR;89950000;SC;8097;DIONÍSIO CERQUEIRA
60;NA;ESTRADA;LINHA JACO MARAM;SN;INTERIOR;89950000;SC;8097;DIONÍSIO CERQUEIRA
61;NA;RUA;GILDO AGOSTINI;61;TRES FRONTEIRAS;89950000;SC;8097;DIONÍSIO CERQUEIRA
62;RESTAURANTE SAO CRISTOVAO;RODOVIA;BR 163 KM 57;SN;IDAMAR;89950000;SC;8097;DIONÍSIO CERQUEIRA
63;C T G SINUELO DA FRONTEIRA;RUA;SETE DE SETEMBRO;S/N;CENTRO;89950000;SC;8097;DIONÍSIO CERQUEIRA
64;BAR DA MARCIA;RODOVIA;BR 163;SN;INTERIOR;89950000;SC;8097;DIONÍSIO CERQUEIRA
65;NA;RUA;LEOBERTO LEAL;709;CENTRO;89950000;SC;8097;DIONÍSIO CERQUEIRA
66;NA;10A AVENIDA;WASHINGTON LUIZ;517;CENTRO;89950000;SC;8097;DIONÍSIO CERQUEIRA
67;NA;RUA;CLAUDIO TURRA;SN;DISTRITO DE IDAMAR;89950000;SC;8097;DIONÍSIO CERQUEIRA
68;NA;RUA;PARANA;10;CENTRO;89950000;SC;8097;DIONÍSIO CERQUEIRA
69;NA;RUA;RUA B - CASA 14;14;BAIRRO UNIAO;89950000;SC;8097;DIONÍSIO CERQUEIRA
70;BORALA VIAGENS;RUA;PARANA;10;CENTRO;89950000;SC;8097;DIONÍSIO CERQUEIRA
71;NA;AVENIDA;PARANA;20;CENTRO;89950000;SC;8097;DIONÍSIO CERQUEIRA
72;CASA DEODOROS RESTAURANTE;RUA;NEREU RAMOS;108;CENTRO;89950000;SC;8097;DIONÍSIO CERQUEIRA
73;NA;RUA;ARGEMIRO PEREIRA;153;FLORESTA;89950000;SC;8097;DIONÍSIO CERQUEIRA
74;PIZZARIA REPUBLICA 144;RUA;REPUBLICA ARGENTINA;0;CENTRO;89950000;SC;8097;DIONÍSIO CERQUEIRA
75;NA;RUA;PRINCIPAL;55;JOANA;89950000;SC;8097;DIONÍSIO CERQUEIRA
76;NA;RUA;DAO PEDRO PRIMEIRO;330;CENTRO;89950000;SC;8097;DIONÍSIO CERQUEIRA
77;NA;RUA;VEREADOR CLAUDINO ANTONIOLLI;70;CENTRO;89950000;SC;8097;DIONÍSIO CERQUEIRA
78;NA;RUA;SETE DE SETEMBRO;28;CENTRO;89950000;SC;8097;DIONÍSIO CERQUEIRA
79;NA;RUA;XV DE NOVEMBRO;0;CENTRO;89950000;SC;8097;DIONÍSIO CERQUEIRA
80;NA;1A RUA;RUA SETE DE SETEMBRO;901;CENTRO;89950000;SC;8097;DIONÍSIO CERQUEIRA
81;ASSOC DE DESENV COMUNITARIO TOLDO;ESTRADA;GERAL;SN;LINHA TOLDO;89950000;SC;8097;DIONÍSIO CERQUEIRA
82;NA;RUA;ODILA MANTOVANI;30;PEPERIGUACU;89950000;SC;8097;DIONÍSIO CERQUEIRA
83;DOCE FRIO - DELICIAS GELADAS;RUA;7 DE SETEMBRO;809;CENTRO;89950000;SC;8097;DIONÍSIO CERQUEIRA
84;NA;1A RUA;NEREU RAMOS;444;CENTRO;89950000;SC;8097;DIONÍSIO CERQUEIRA
85;NA;ESTRADA;LINHA JACOB MARAN;SN;INTERIOR;89950000;SC;8097;DIONÍSIO CERQUEIRA
86;NA;RUA;BORGES DE MEDEIROS;597;CENTRO;89950000;SC;8097;DIONÍSIO CERQUEIRA
87;NA;10A AVENIDA;INTERNACIONAL;1431;CENTRO;89950000;SC;8097;DIONÍSIO CERQUEIRA
88;NA;RODOVIA;BR 373;1578;CENTRO;89950000;SC;8097;DIONÍSIO CERQUEIRA
89;LA CASA DO ESPETINHO;RUA;DO DIVISOR;1000;PEPERIGUACU;89950000;SC;8097;DIONÍSIO CERQUEIRA
90;NA;12A RUA;PARANA;250;CENTRO;89950000;SC;8097;DIONÍSIO CERQUEIRA
91;NA;CHACARA;LINHA TOLDO BAIXO;S/N;INTERIOR;89950000;SC;8097;DIONÍSIO CERQUEIRA
92;NA;2A TRAV. DA RODOVIA;163;163;1 DE MAIO;89950000;SC;8097;DIONÍSIO CERQUEIRA
93;NA;10A RUA;BAIRRO PRIMEIRO DE MAIO;1173;PRIMEIRO DE MAIO;89950000;SC;8097;DIONÍSIO CERQUEIRA
94;NA;RUA;PARANA;10;CENTRO;89950000;SC;8097;DIONÍSIO CERQUEIRA
95;RESTAURANTE PERIN;RUA;REPUBLICA ARGENTINA;265;CENTRO;89950000;SC;8097;DIONÍSIO CERQUEIRA
96;NA;10A AVENIDA;ADELINO MANGINI;S/N;CENTRO;89950000;SC;8097;DIONÍSIO CERQUEIRA
97;NA;RUA;7 DE SETEMBRO;867;CENTRO;89950000;SC;8097;DIONÍSIO CERQUEIRA
98;ASSOCIACAO FRONTEIRA DE KUNG FU;RUA;MANOEL FARIAS;135;CENTRO;89950000;SC;8097;DIONÍSIO CERQUEIRA
99;NA;RUA;REPUBLICA ARGENTINA;284;CENTRO;89950000;SC;8097;DIONÍSIO CERQUEIRA
100;NA;AVENIDA;PARANA;300;CENTRO;89950000;SC;8097;DIONÍSIO CERQUEIRA
101;RESTAURANTE E CHOPERIA DA MAMMA;RUA;RIO GRANDE DO SUL;54;CENTRO;89950000;SC;8097;DIONÍSIO CERQUEIRA
102;NA;CHACARA;LINHA PRESIDENTE VARGAS;S/N;INTERIOR;89950000;SC;8097;DIONÍSIO CERQUEIRA
103;NA;RUA;VEREADOR AZEMIRO PEREIRA;111;PEPERI IGUACU;89950000;SC;8097;DIONÍSIO CERQUEIRA
104;NA;12A RUA;NILVO BERTE;36;PRIMEIRO DE MAIO;89950000;SC;8097;DIONÍSIO CERQUEIRA
105;NA;RUA;XV DE NOVEMBRO;0;CENTRO;89950000;SC;8097;DIONÍSIO CERQUEIRA
106;TERMINAL RODOVIARIO DE DIONISIO CERQUEIRA;RUA;JULIO DALMAS;15;CENTRO;89950000;SC;8097;DIONÍSIO CERQUEIRA
107;NA;RUA;DOM PEDRO II;820;CENTRO;89950000;SC;8097;DIONÍSIO CERQUEIRA
108;NA;RUA;CLAUDIO TURRA;SN;IDAMAR;89950000;SC;8097;DIONÍSIO CERQUEIRA
109;DOGAO LANCHES & ACAI;RUA;7 DE SETEMBRO;1024;CENTRO;89950000;SC;8097;DIONÍSIO CERQUEIRA
110;NA;RUA;CAMARGO FORTES;125;TRES FRONTEIRAS;89950000;SC;8097;DIONÍSIO CERQUEIRA
111;NA;10A RUA;REPUBLICA ARGENTINA;277;CENTRO;89950000;SC;8097;DIONÍSIO CERQUEIRA
112;NA;2A VILA;SAO PEDRO TOBIAS;0;INTERIOR;89950000;SC;8097;DIONÍSIO CERQUEIRA
113;NA;RODOVIA;BR 163;0;CENTRO;89950000;SC;8097;DIONÍSIO CERQUEIRA
114;HOTEL IGUACU;RUA;MARIO CLAUDIO TURRA;262;CENTRO;89950000;SC;8097;DIONÍSIO CERQUEIRA
115;SAMOCC;RUA;ESTRADA LINHA DO PEPERI;S N;ZONA RURAL;89950000;SC;8097;DIONÍSIO CERQUEIRA
116;NA;RUA;REPUBLICA ARGENTINA;115;CENTRO;89950000;SC;8097;DIONÍSIO CERQUEIRA
117;NA;VILA;SAO PEDRO TOPIAS;SN;SAO PEDRO TOPIAS;89950000;SC;8097;DIONÍSIO CERQUEIRA
118;NA;RUA;SALDANHA DA GAM;360;CENTRO;89950000;SC;8097;DIONÍSIO CERQUEIRA
119;LANCHONETE QUERO QUERO;OUTROS;BR 163;3421;ACESSO AO PORTO SECO;89950000;SC;8097;DIONÍSIO CERQUEIRA
120;NA;RUA;PRESIDENTE VARGAS;16;CENTRO;89950000;SC;8097;DIONÍSIO CERQUEIRA
121;BISTRO DO MUTHI;RUA;7 DE SETEMBRO;500;CENTRO;89950000;SC;8097;DIONÍSIO CERQUEIRA
122;NA;RUA;PRINCIPAL;30;COHAB;89950000;SC;8097;DIONÍSIO CERQUEIRA
123;BAR E MERCADO PONTO CERTO;RUA;PROJETADA;75;AEROPORTO;89950000;SC;8097;DIONÍSIO CERQUEIRA
124;PIZZARIA E ESFIHA FAVORITTA;RUA;PRESIDENTE VARGAS;980;CENTRO;89950000;SC;8097;DIONÍSIO CERQUEIRA
125;NA;RUA;EURILEMO LUCIO ZANETTE;340;NOSSA SENHORA DA SALETE;89950000;SC;8097;DIONÍSIO CERQUEIRA
126;NA;10A AVENIDA;AVENIDA PARANA;208;CENTRO;89950000;SC;8097;DIONÍSIO CERQUEIRA
127;MONELI VIAGENS;RUA;DOS GIRASSOIS;191;COHAB;89950000;SC;8097;DIONÍSIO CERQUEIRA
128;NA;RUA;MILTON SOARES SILVEIRA;48;PEPRIGUACU;89950000;SC;8097;DIONÍSIO CERQUEIRA
129;SEXABY MOTEL;RODOVIA;BR 373 KM 05;SN;LINHA SEPARACAO;89950000;SC;8097;DIONÍSIO CERQUEIRA
130;RESTAURANTE GRENAL;RUA;SETE DE SETEMBRO;809;CENTRO;89950000;SC;8097;DIONÍSIO CERQUEIRA
131;RESTAURANTE SABOR & ARTE;RUA;DOM PEDRO I;166;CENTRO;89950000;SC;8097;DIONÍSIO CERQUEIRA
132;LANCHONETE E CHURRASCARIA QUERO-QUERO;RUA;REPUBLICA ARGENTINA;291;CENTRO;89950000;SC;8097;DIONÍSIO CERQUEIRA
133;NA;RUA;JULIO DALMAS;315;CENTRO;89950000;SC;8097;DIONÍSIO CERQUEIRA
134;NA;RUA;PARANA;374;CENTRO;89950000;SC;8097;DIONÍSIO CERQUEIRA
135;NA;AVENIDA;WASHINGTON LUIZ;SN;PRIMEIRO DE MAIO;89950000;SC;8097;DIONÍSIO CERQUEIRA
136;NA;RUA;FELICISSIMO DE LARA;48;CENTRO;89950000;SC;8097;DIONÍSIO CERQUEIRA
137;CAFE COLONIAL DO VEIO DA BR 163;RODOVIA;BR 163;S/N;IDAMAR;89950000;SC;8097;DIONÍSIO CERQUEIRA
138;NA;AVENIDA;PARANA;208;CENTRO;89950000;SC;8097;DIONÍSIO CERQUEIRA
139;RANCHO 9DOIS;RUA;HENRIQUE DAMBROS;323;TRÊS FRONTEIRAS;89950000;SC;8097;DIONÍSIO CERQUEIRA
140;NA;ESTRADA;PRINCIPAL;S/N;SEDE MARINA;89950000;SC;8097;DIONÍSIO CERQUEIRA
141;NA;RUA DE LIGACAO;PRINCIPAL;0;DISTRITO DE IDAMAR;89950000;SC;8097;DIONÍSIO CERQUEIRA
142;RESTAURANTE DO GAUCHO;RODOVIA;BR  163;3421;NOSSA SENHORA DA SALETE;89950000;SC;8097;DIONÍSIO CERQUEIRA
143;NA;RUA;REPUBLICA ARGENTINA;440;CENTRO;89950000;SC;8097;DIONÍSIO CERQUEIRA
144;NA;RUA;JOSE FOGIATTO;SN;IDAMAR;89950000;SC;8097;DIONÍSIO CERQUEIRA
145;NA;CHACARA;LINHA TOLDO ALTO;SN;INTERIOR;89950000;SC;8097;DIONÍSIO CERQUEIRA
146;NA;RUA;JULIO DALMAS;15;CENTRO;89950000;SC;8097;DIONÍSIO CERQUEIRA
147;NA;RUA;RUA PRIMAVERA LOT IMPERADOR;20;IMPERADOR;89950000;SC;8097;DIONÍSIO CERQUEIRA
148;NA;AVENIDA;PARANA;20;CENTRO;89950000;SC;8097;DIONÍSIO CERQUEIRA
149;NA;RUA;DOM PEDRO I;220;CENTRO;89950000;SC;8097;DIONÍSIO CERQUEIRA
150;LUIZ DIEL;DISTRITO;SAO PEDRO TOBIAS;0;INTERIOR;89950000;SC;8097;DIONÍSIO CERQUEIRA
151;COOPERCAB-CAFE COLONIAL UNIDADE 7;AVENIDA;WASHINGTON LUIZ;380;CENTRO;89950000;SC;8097;DIONÍSIO CERQUEIRA
