municipio,rank,latitude,longitude,frequency
Barracão,1,-26.25481390625,-53.632473515624994,128
Barracão,2,-26.25725669491525,-53.620573644067775,118
Barracão,3,-26.254193888888885,-53.617302222222214,72
Barracão,4,-26.24914172413793,-53.613615172413795,58
Barracão,5,-26.25772315789474,-53.62456315789475,57
Barracão,6,-26.286770303030305,-53.55536272727273,33
Barracão,7,-26.247374375,-53.594264374999995,32
Barracão,8,-26.277350000000006,-53.44922821428572,28
Barracão,9,-26.253471951999998,-53.63566896,25
Barracão,10,-26.239775652173915,-53.45640869565217,23
Barracão,11,-26.23128823043478,-53.58183304347826,23
Barracão,12,-26.249958636363637,-53.45712954545454,22
Barracão,13,-26.25675857142857,-53.627328571428585,21
Barracão,14,-26.254638,-53.45760800000001,20
Barracão,15,-26.245755263157896,-53.45648105263158,19
Barracão,16,-26.283856842105262,-53.44713947368422,19
Barracão,17,-26.277624736842103,-53.581730526315795,19
Barracão,18,-26.26223736842105,-53.456675789473685,19
Barracão,19,-26.258965000000003,-53.614055,18
Barracão,20,-26.291988823529415,-53.52413294117646,17
Bonito,1,-21.117541739130438,-56.50627847826088,46
Bonito,2,-21.226160571428572,-56.45404714285714,35
Bonito,3,-21.24332284827586,-56.449539868965516,29
Bonito,4,-21.242634827586205,-56.44736413793104,29
Bonito,5,-21.127526076923075,-56.486704107692304,26
Bonito,6,-21.17135,-56.45339041666667,24
Bonito,7,-21.110705137500002,-56.48288925833333,24
Bonito,8,-21.131505,-56.480026666666674,24
Bonito,9,-21.176469565217396,-56.448733913043476,23
Bonito,10,-21.13708,-56.47674944444444,18
Bonito,11,-21.116850909090907,-56.51333636363636,11
Bonito,12,-21.113172000000002,-56.483109,10
Bonito,13,-21.122286000000003,-56.49977199999999,10
Bonito,14,-21.116965555555556,-56.517163333333336,9
Bonito,15,-21.11980375,-56.48235375,8
Bonito,16,-21.126745,-56.49088,8
Bonito,17,-21.12719,-56.490025,8
Bonito,18,-21.126155,-56.492085,8
Bonito,19,-21.125774999999997,-56.49284,8
Bonito,20,-21.121196249999997,-56.48237,8
Bonito ,1,-21.13153725,-56.4798785,320
Bonito ,2,-21.128107260273975,-56.464333972602745,292
Bonito ,3,-21.117482152777775,-56.50627458333333,288
Bonito ,4,-21.1276185,-56.48657095714286,224
Bonito ,5,-21.13708,-56.476749444444444,144
Bonito ,6,-20.89814574626866,-56.59015373134328,134
Bonito ,7,-21.17116942857143,-56.452825238095244,105
Bonito ,8,-21.046781538461538,-56.53467153846154,104
Bonito ,9,-20.969806097560976,-56.518579756097566,82
Bonito ,10,-20.92051777777778,-56.56048407407408,81
Bonito ,11,-21.152569999999997,-56.50476999999999,76
Bonito ,12,-20.9247496,-56.5717656,75
Bonito ,13,-21.130026666666666,-56.48197999999999,72
Bonito ,14,-20.86443478260869,-56.6010931884058,69
Bonito ,15,-21.00288111111111,-56.535662222222214,63
Bonito ,16,-21.148992666666665,-56.472587999999995,60
Bonito ,17,-21.148267241379312,-56.45210879310345,58
Bonito ,18,-20.91237052631579,-56.55865578947368,57
Bonito ,19,-21.01530625,-56.53517624999999,56
Bonito ,20,-21.12228599999999,-56.499771999999986,55
Campo Grande,1,-20.472864813321,-54.61752954338575,1081
Campo Grande,2,-20.468713858407078,-54.61813562831858,565
Campo Grande,3,-20.435895625,-54.628525312499995,384
Campo Grande,4,-20.465296036036037,-54.5485954954955,333
Campo Grande,5,-20.442505606557376,-54.622876655737706,305
Campo Grande,6,-20.43058739130435,-54.63722130434783,276
Campo Grande,7,-20.46782306818182,-54.60733795454545,264
Campo Grande,8,-20.46713375,-54.63543568181819,264
Campo Grande,9,-20.457934380165288,-54.62115933884298,242
Campo Grande,10,-20.406945384615383,-54.61901128205128,234
Campo Grande,11,-20.468414166666665,-54.616276666666664,228
Campo Grande,12,-20.456504520547945,-54.66814287671233,219
Campo Grande,13,-20.470395000000003,-54.61791,216
Campo Grande,14,-20.43277,-54.627221111111105,216
Campo Grande,15,-20.465641372549012,-54.61883382352941,204
Campo Grande,16,-20.456412142857143,-54.62225071428571,196
Campo Grande,17,-20.52358314917127,-54.658553591160214,181
Campo Grande,18,-20.458071676300577,-54.58568369942198,173
Campo Grande,19,-20.464509735502958,-54.61951993372782,169
Campo Grande,20,-20.427893333333333,-54.646926944444445,144
Campo grande,1,-20.46713375,-54.63543568181819,88
Campo grande,2,-20.457034352173913,-54.66646511304348,46
Campo grande,3,-20.460350810810812,-54.659539189189196,37
Campo grande,4,-20.463380333333326,-54.650970000000015,30
Campo grande,5,-20.463804333333336,-54.64686733333335,30
Campo grande,6,-20.467975263157893,-54.628012631578954,19
Campo grande,7,-20.464436666666664,-54.642823333333325,18
Campo grande,8,-20.47284168235294,-54.61753983529412,17
Campo grande,9,-20.46123533333333,-54.655813333333334,15
Campo grande,10,-20.46868,-54.618238000000005,10
Campo grande,11,-20.46761111111111,-54.62255444444444,9
Campo grande,12,-20.46396111111111,-54.64426888888889,9
Campo grande,13,-20.46746,-54.6205175,8
Campo grande,14,-20.467436666666668,-54.61859666666666,6
Campo grande,15,-20.466796,-54.62993,5
Campo grande,16,-20.46245,-54.653235,4
Campo grande,17,-20.467859999999998,-54.626165,4
Campo grande,18,-20.46521,-54.6406575,4
Campo grande,19,-20.470395,-54.617909999999995,4
Campo grande,20,-20.46768666666667,-54.62365,3
Capanema,1,-25.6719225,-53.807896250000006,144
Capanema,2,-25.64735195121951,-53.803171951219504,123
Capanema,3,-25.608289189189186,-53.78076891891892,111
Capanema,4,-25.667689500000005,-53.8089805,100
Capanema,5,-25.670385448421047,-53.80842968105262,95
Capanema,6,-25.620991739130435,-53.800843043478245,69
Capanema,7,-25.63725875,-53.80601687499999,48
Capanema,8,-25.618737142857142,-53.79267642857142,42
Capanema,9,-25.62984333333333,-53.852940476190476,42
Capanema,10,-25.665437500000003,-53.80835999999999,40
Capanema,11,-25.616220000000002,-53.788837692307695,39
Capanema,12,-25.66300333333333,-53.80763166666666,36
Capanema,13,-25.586411562499997,-53.870805625,32
Capanema,14,-25.603460322580638,-53.77692681290322,31
Capanema,15,-25.603065000000004,-53.75239357142857,28
Capanema,16,-25.581031923076925,-53.75042615384616,26
Capanema,17,-25.672695384615388,-53.80480307692308,26
Capanema,18,-25.650350000000003,-53.835866923076914,26
Capanema,19,-25.59593666666667,-53.91103833333333,24
Capanema,20,-25.6700175,-53.79333041666666,24
Corumbá,1,-19.01082260958904,-57.65082875753425,146
Corumbá,2,-18.99662147522936,-57.65240183486238,109
Corumbá,3,-19.01147685393258,-57.65229831460675,89
Corumbá,4,-19.010321219512196,-57.64468609756098,82
Corumbá,5,-19.002515714285718,-57.65033142857143,70
Corumbá,6,-18.998273750000003,-57.65138125,64
Corumbá,7,-19.217900625,-57.50000734375,64
Corumbá,8,-19.2249771875,-57.491118281249996,64
Corumbá,9,-19.010421346153844,-57.63391173076922,52
Corumbá,10,-19.207236122448975,-57.50919734693877,49
Corumbá,11,-19.202175,-57.51826499999999,48
Corumbá,12,-18.999089777777773,-57.66157733333334,45
Corumbá,13,-19.001305000000002,-57.65074,40
Corumbá,14,-18.997521669230768,-57.65537117692309,39
Corumbá,15,-19.007106666666665,-57.64867777777777,36
Corumbá,16,-19.012943333333332,-57.65178555555556,36
Corumbá,17,-19.013302285714285,-57.658389142857146,35
Corumbá,18,-19.00959685714286,-57.63651285714285,35
Corumbá,19,-19.008028068571424,-57.651813971428574,35
Corumbá,20,-19.00946,-57.65131,34
Dionício Cerqueira,1,-26.255710540540537,-53.63634891891892,37
Dionício Cerqueira,2,-26.25338037037037,-53.63563851851851,27
Dionício Cerqueira,3,-26.258610953846155,-53.63412480769231,13
Dionício Cerqueira,4,-26.257393999999998,-53.635158000000004,5
Dionísio Cerqueira,1,-26.26616540540541,-53.62603837837837,74
Dionísio Cerqueira,2,-26.257440454545456,-53.61969954545455,66
Dionísio Cerqueira,3,-26.255274150943393,-53.63670924528302,53
Dionísio Cerqueira,4,-26.25903107826087,-53.63358869565217,46
Dionísio Cerqueira,5,-26.27184688604651,-53.37372066046512,43
Dionísio Cerqueira,6,-26.255409736842104,-53.37932236842105,38
Dionísio Cerqueira,7,-26.286770303030305,-53.55536272727273,33
Dionísio Cerqueira,8,-26.2758085,-53.623422000000005,20
Dionísio Cerqueira,9,-26.277624736842103,-53.581730526315795,19
Dionísio Cerqueira,10,-26.257723157894738,-53.62456315789473,19
Dionísio Cerqueira,11,-26.258965000000003,-53.614055,18
Dionísio Cerqueira,12,-26.259530588235293,-53.63274117647059,17
Dionísio Cerqueira,13,-26.291988823529415,-53.52413294117646,17
Dionísio Cerqueira,14,-26.273773749999997,-53.62989125,16
Dionísio Cerqueira,15,-26.260154375,-53.610288125000004,16
Dionísio Cerqueira,16,-26.2581,-53.373984,15
Dionísio Cerqueira,17,-26.301691428571427,-53.61657214285714,14
Dionísio Cerqueira,18,-26.29100428571429,-53.453699999999984,14
Dionísio Cerqueira,19,-26.265308461538464,-53.37251461538461,13
Dionísio Cerqueira,20,-26.27502923076923,-53.629171538461534,13
Foz do Iguaçu,1,-25.57440062982769,-54.551624171122995,1683
Foz do Iguaçu,2,-25.569822499999997,-54.55553805555556,684
Foz do Iguaçu,3,-25.580105000000003,-54.55974347826087,368
Foz do Iguaçu,4,-25.533675925925923,-54.57608555555555,297
Foz do Iguaçu,5,-25.606510909090908,-54.56305962962963,297
Foz do Iguaçu,6,-25.548154285714283,-54.564058571428575,294
Foz do Iguaçu,7,-25.50605945017182,-54.5845424742268,291
Foz do Iguaçu,8,-25.5845053125,-54.5645578125,256
Foz do Iguaçu,9,-25.557034999999996,-54.56388416666667,240
Foz do Iguaçu,10,-25.567596666666667,-54.55703,228
Foz do Iguaçu,11,-25.582163498660716,-54.52711211741072,224
Foz do Iguaçu,12,-25.560621818181815,-54.561617272727275,220
Foz do Iguaçu,13,-25.558316363636358,-54.563132727272716,220
Foz do Iguaçu,14,-25.53505333333333,-54.56294999999999,216
Foz do Iguaçu,15,-25.577727307692307,-54.55572846153847,208
Foz do Iguaçu,16,-25.54835784615385,-54.57777184615384,195
Foz do Iguaçu,17,-25.446215056395346,-54.58528835872094,172
Foz do Iguaçu,18,-25.585530952380953,-54.56238476190476,168
Foz do Iguaçu,19,-25.524006585365857,-54.57631414634147,164
Foz do Iguaçu,20,-25.562857499999996,-54.56014625,160
Guaíra,1,-24.086988290020365,-54.251544732179234,491
Guaíra,2,-24.074886730985916,-54.24199202323944,284
Guaíra,3,-24.08283486486486,-54.24442513513513,259
Guaíra,4,-24.078696785714282,-54.242935,196
Guaíra,5,-24.08407846846847,-54.25063693693694,111
Guaíra,6,-24.08772945048544,-54.249955066019425,103
Guaíra,7,-24.079832639999992,-54.261116857894756,95
Guaíra,8,-24.086280999999996,-54.249364000000014,80
Guaíra,9,-24.04279916666667,-54.274898750000006,72
Guaíra,10,-24.08431333333333,-54.25613,72
Guaíra,11,-24.011556818181816,-54.21669893939394,66
Guaíra,12,-24.080080000000002,-54.2550178125,64
Guaíra,13,-23.95652047619048,-54.295116666666665,63
Guaíra,14,-24.045494210526318,-54.27111105263158,57
Guaíra,15,-24.084975714285715,-54.24726857142856,56
Guaíra,16,-24.082652222222233,-54.25795888888891,54
Guaíra,17,-24.093910769230767,-54.19867000000001,52
Guaíra,18,-24.073292000000002,-54.24580600000001,50
Guaíra,19,-24.08539,-54.25493,48
Guaíra,20,-24.059986363636366,-54.257030909090915,44
Medianeira,1,-25.28628411582734,-54.09583362086332,139
Medianeira,2,-25.301169677419352,-54.08172096774194,124
Medianeira,3,-25.20287214285714,-54.06592,56
Medianeira,4,-25.201147775,-54.06737970535714,56
Medianeira,5,-25.295789999999997,-54.092483076923074,52
Medianeira,6,-25.2744094117647,-54.097324117647055,51
Medianeira,7,-25.211290799999997,-54.075483999999996,50
Medianeira,8,-25.294699565217396,-54.09441304347824,46
Medianeira,9,-25.293512252173915,-54.09629860869566,46
Medianeira,10,-25.28449790697674,-54.08650627906977,43
Medianeira,11,-25.306303902439023,-54.07964658536586,41
Medianeira,12,-25.2946885,-54.093263,40
Medianeira,13,-25.234676923076925,-54.085069999999995,39
Medianeira,14,-25.240007500000004,-54.08891916666667,36
Medianeira,15,-25.281295454545457,-54.09671363636364,33
Medianeira,16,-25.26886272727273,-54.098499090909094,33
Medianeira,17,-25.3131815625,-54.0387128125,32
Medianeira,18,-25.272322,-54.097500000000004,30
Medianeira,19,-25.303397241379308,-54.07125896551724,29
Medianeira,20,-25.267113333333334,-54.09930555555555,27
Mundo Novo,1,-24.011556818181816,-54.21669893939394,132
Mundo Novo,2,-23.935696874999998,-54.28336624999999,80
Mundo Novo,3,-23.999584074074075,-54.20258333333332,54
Mundo Novo,4,-24.004868636363632,-54.20835136363635,44
Mundo Novo,5,-23.935905714285713,-54.28492428571429,42
Mundo Novo,6,-24.00518466666667,-54.22312066666667,30
Mundo Novo,7,-23.937233333333335,-54.27327666666667,24
Mundo Novo,8,-23.934986666666664,-54.27511166666667,24
Mundo Novo,9,-23.938359999999996,-54.27239199999999,20
Mundo Novo,10,-23.969350000000002,-54.24402833333333,18
Mundo Novo,11,-23.94221277777778,-54.268666111111116,18
Mundo Novo,12,-23.973988333333335,-54.23569666666667,18
Mundo Novo,13,-23.940495,-54.270765,16
Mundo Novo,14,-23.98116,-54.229111999999986,15
Mundo Novo,15,-23.935990266666668,-54.28566506666667,12
Mundo Novo,16,-23.93509,-54.27723,12
Mundo Novo,17,-23.93529666666667,-54.27927666666667,12
Mundo Novo,18,-23.935403333333337,-54.28042999999999,12
Mundo Novo,19,-24.009868333333333,-54.222004999999996,12
Mundo Novo,20,-24.00827666666667,-54.212051666666675,12
Ponta Porã,1,-22.55148041666667,-55.717519583333335,72
Ponta Porã,2,-22.537260800000002,-55.728197200000004,50
Ponta Porã,3,-22.476184166666666,-55.751729583333336,24
Ponta Porã,4,-22.490927083333332,-55.74715416666667,24
Ponta Porã,5,-22.51967409090909,-55.74006,22
Ponta Porã,6,-22.497076666666665,-55.747628571428564,21
Ponta Porã,7,-22.558292380952377,-55.71015952380952,21
Ponta Porã,8,-22.539772,-55.726319000000004,20
Ponta Porã,9,-22.550632631578946,-55.70961421052632,19
Ponta Porã,10,-22.576411666666665,-55.69275944444444,18
Ponta Porã,11,-22.56262294117647,-55.69855,17
Ponta Porã,12,-22.531058125,-55.73302125,16
Ponta Porã,13,-22.53577875,-55.729496874999995,16
Ponta Porã,14,-22.54175,-55.724824999999996,16
Ponta Porã,15,-22.53836,-55.727380000000004,14
Ponta Porã,16,-22.54778714285714,-55.7202742857143,14
Ponta Porã,17,-22.481402499999998,-55.7509,12
Ponta Porã,18,-22.516202500000002,-55.74053083333333,12
Ponta Porã,19,-22.56026416666667,-55.704572500000005,12
Ponta Porã,20,-22.578998181818182,-55.69075363636363,11
Ponta Porã ,1,-22.537256621621626,-55.72820175675677,148
Ponta Porã ,2,-22.551494636363632,-55.717503727272735,110
Ponta Porã ,3,-22.535778750000002,-55.729496874999995,48
Ponta Porã ,4,-22.531058125,-55.73302125,48
Ponta Porã ,5,-22.562729519999998,-55.698491297777785,45
Ponta Porã ,6,-22.558292380952384,-55.710159523809516,42
Ponta Porã ,7,-22.53832387096774,-55.7274070967742,31
Ponta Porã ,8,-22.539772000000006,-55.726319000000004,30
Ponta Porã ,9,-22.534219,-55.730646,30
Ponta Porã ,10,-22.541749999999997,-55.724825,24
Ponta Porã ,11,-22.560264166666666,-55.704572500000005,24
Ponta Porã ,12,-22.54778714285714,-55.72027428571429,21
Ponta Porã ,13,-22.532679523809527,-55.724599999999995,21
Ponta Porã ,14,-22.561605,-55.701041,20
Ponta Porã ,15,-22.5290015,-55.72984549999999,20
Ponta Porã ,16,-22.53654165,-55.7287417,20
Ponta Porã ,17,-22.525200526315786,-55.722153157894724,19
Ponta Porã ,18,-22.576411666666665,-55.69275944444444,18
Ponta Porã ,19,-22.55946625,-55.7065975,16
Ponta Porã ,20,-22.537646666666664,-55.72577666666667,12
Ponta pora,1,-22.537287692307693,-55.72823923076923,26
Ponta pora,2,-22.53577875,-55.729496874999995,16
Ponta pora,3,-22.531058125,-55.73302125,16
Ponta pora,4,-22.534218999999997,-55.730646,10
Ponta pora,5,-22.52654,-55.736292000000006,5
Ponta pora,6,-22.52947,-55.734175,4
Ponta pora,7,-22.52559,-55.734855,4
Ponta pora,8,-22.53195666666667,-55.732310000000005,3
Ponta pora,9,-22.52453,-55.73322,2
Ponta pora,10,-22.53502,-55.73,2
Ponta pora,11,-22.53261,-55.73182,2
Ponta pora,12,-22.53019,-55.73363,2
Ponta pora,13,-22.5279,-55.73534,2
Ponta pora,14,-22.53654165,-55.7287417,2
Ponta pora,15,-22.5238114,-55.7337601,1
Ponta pora,16,-22.52842,-55.73495,1
Ponta pora,17,-22.52881,-55.73466,1
Porto Murtinho,1,-21.704630561538465,-57.89410599230769,13
Porto Murtinho,2,-21.701007222222223,-57.88512053333333,9
Porto Murtinho,3,-21.698869475,-57.87630435,8
Porto Murtinho,4,-21.700625714285714,-57.886050000000004,7
Porto Murtinho,5,-21.698708,-57.877648,5
Porto Murtinho,6,-21.698314000000003,-57.878935999999996,5
Porto Murtinho,7,-21.698625,-57.88213999999999,4
Porto Murtinho,8,-21.70213,-57.89058,4
Porto Murtinho,9,-21.69792,-57.8802,3
Porto Murtinho,10,-21.69975,-57.88348,2
Porto Murtinho,11,-21.69763,-57.88122,2
Porto Murtinho,12,-21.70314,-57.89266,2
Porto Murtinho,13,-21.70043,-57.8842,2
Porto Murtinho,14,-21.70286,-57.89134,2
Porto Murtinho,15,-21.70358,-57.89219,2
Porto Murtinho,16,-21.70135,-57.88976,2
Porto Murtinho,17,-21.70058,-57.88899,2
Porto Murtinho,18,-21.69983,-57.88836,2
Porto Murtinho,19,-21.70027,-57.88729,2
Porto Murtinho ,1,-21.70056789183673,-57.8860015612245,49
Porto Murtinho ,2,-21.700880486111107,-57.88524211666667,36
Porto Murtinho ,3,-21.699319230769238,-57.88934769230769,26
Porto Murtinho ,4,-21.695859536000004,-57.885251180000004,25
Porto Murtinho ,5,-21.69698478235294,-57.88408935882352,17
Porto Murtinho ,6,-21.69899778235294,-57.88984752352941,17
Porto Murtinho ,7,-21.699766666666665,-57.88516999999999,15
Porto Murtinho ,8,-21.700252,-57.88727,10
Porto Murtinho ,9,-21.697763333333327,-57.88325666666666,9
Porto Murtinho ,10,-21.69896,-57.88432,8
Porto Murtinho ,11,-21.699829999999995,-57.88836,6
Porto Murtinho ,12,-21.69789054,-57.88885888,5
Porto Murtinho ,13,-21.6956975,-57.8866675,4
Porto Murtinho ,14,-21.70043,-57.8842,4
Porto Murtinho ,15,-21.7012,-57.88333,4
Porto Murtinho ,16,-21.70077,-57.8838,4
Porto Murtinho ,17,-21.69457056666667,-57.88303133333333,3
Porto Murtinho ,18,-21.696406666666665,-57.88736,3
Porto Murtinho ,19,-21.696988433333335,-57.88796536666666,3
Porto Murtinho ,20,-21.69744,-57.88749,2
