cnpj_basico;cnpj_ordem;cnpj_dv;identificador_matriz_filial;nome_fantasia;situacao_cadastral;data_situacao_cadastral;motivo_situacao_cadastral;nome_cidade_exterior;pais;data_inicio_atividade;cnae_fiscal_principal;cnae_fiscal_secundaria;tipo_logradouro;logradouro;numero;complemento;bairro;cep;uf;cod_municipio;ddd_1;telefone_1;ddd_2;telefone_2;ddd_fax;fax;correio_eletronico;situacao_especial;data_situacao_especial;cnpj_completo;nome_municipio
11485559;0001;75;1;ACM;02;20091203;00;NA;NA;20091203;9329899;NA;RUA;DOM PEDRO I;470;SALA  0;NOSSA SENHORA SALTE;89950000;SC;8097;49;91341463;49;91341463;49;36440383;NA;NA;NA;11485559000175;DIONÍSIO CERQUEIRA
19156738;0001;70;1;ATOLADOS DA FRONTEIRA;02;20240613;00;NA;NA;20131002;9319199;9329899;AVENIDA;SETE DE SETEMBRO;1157;NA;CENTRO;89950000;SC;8097;49;36440405;NA;NA;NA;NA;mauricio@nettri.com.br;NA;NA;19156738000170;DIONÍSIO CERQUEIRA
22221785;0001;65;1;NA;02;20150409;00;NA;NA;20150409;5611203;4789099,4781400,4723700,4759801,4755503,4763601,4772500,5611201,4782201;RUA;GUERINO PERCIO;20;CASA;PEPERIGUACU;89950000;SC;8097;49;99535419;NA;NA;NA;NA;TALLESRIBEIRO.TR@GMAIL.COM;NA;NA;22221785000165;DIONÍSIO CERQUEIRA
27879819;0001;27;1;NA;02;20170602;00;NA;NA;20170602;5611201;1094500;RUA;araucaria;231;NA;jardim imperador;89950000;SC;8097;49;91664392;NA;NA;NA;NA;marcosmn26@hotmail.com;NA;NA;27879819000127;DIONÍSIO CERQUEIRA
29349722;0001;38;1;NA;02;20180103;00;NA;NA;20180103;5611204;5611203;RUA;PRESIDENTE VARGAS;780;SALA 01;CENTRO;89950000;SC;8097;49;91118399;NA;NA;NA;NA;clovis.contabil@yahoo.com.br;NA;NA;29349722000138;DIONÍSIO CERQUEIRA
37013280;0001;82;1;NA;02;20200427;00;NA;NA;20200427;5611205;NA;RUA;XV DE NOVEMBRO;45;SALA 01;CENTRO;89950000;SC;8097;49;91797497;NA;NA;NA;NA;MAANUHGAANZER1201@GMAIL.COM;NA;NA;37013280000182;DIONÍSIO CERQUEIRA
40712959;0001;74;1;NA;02;20210204;00;NA;NA;20210204;7911200;NA;RUA;NAVILIO DOSSENA;79;CASA;PEPERIGUACU;89950000;SC;8097;42;91389809;NA;NA;NA;NA;JULIATMOURA@GMAIL.COM;NA;NA;40712959000174;DIONÍSIO CERQUEIRA
46236516;0001;30;1;FG SERVICO E COMERCIO;02;20220503;00;NA;105;20220503;9319199;1813001,2091600,2512800,4120400,4292801,4330404,4649499,4711302,4721102,4732600,4744099,4751201,4753900,4754701,4755503,4759899,4761003,4763602,4763604,4781400,4782201,4782202,4789001,4789006,4789009,4789099,5620102,6619302,7490105,7739099,8130300,8219901,8230001,8591100,8592999,9001902,9001903,9001904,9001906,9313100,9319101,9329899;RUA;DO DIVISOR;584;SALA  01;CENTRO;89950000;SC;8097;45;99330338;NA;NA;NA;NA;LUANA.MOTTER@HOTMAIL.COM;NA;NA;46236516000130;DIONÍSIO CERQUEIRA
46994041;0001;41;1;NA;02;20220701;00;NA;NA;20220701;5611205;4723700,4712100,5611204,5611203,4789005,9329803;RUA;PRINCIPAL;970;SALA;BAIRRO JOANA;89950000;SC;8097;49;84079770;NA;NA;NA;NA;CAMIIUTES503@GMAIL.COM;NA;NA;46994041000141;DIONÍSIO CERQUEIRA
47843407;0001;44;1;NA;02;20220905;00;NA;NA;20220905;5611203;4723700,1094500;RUA;PRESIDENTE VARGAS;1070;SALA SALA 02;CENTRO;89950000;SC;8097;49;91143340;NA;NA;NA;NA;HENELYREGINAB@GMAIL.COM;NA;NA;47843407000144;DIONÍSIO CERQUEIRA
52134031;0001;39;1;NA;02;20230911;00;NA;NA;20230911;5611203;4723700,5611201,5611204,5611205,5620104,4781400,9602501,4729601,4729699,5612100,4755503,9602502;RUA;PROJETADA;61;SALA;AEROPORTO;89950000;SC;8097;49;91191307;NA;NA;NA;NA;DANIELAEDINARA1307@GMAIL.COM;NA;NA;52134031000139;DIONÍSIO CERQUEIRA
55211283;0001;02;1;GOLD PUB BEER;02;20240521;00;NA;105;20240521;5611205;4729601,4723700,8230001,5620104,4729602;AVENIDA;INTERNACIONAL;1431;NA;NASCENTE DO PEPERI;89950000;SC;8097;49;91578309;0000;00000000;NA;NA;CONTABILIDADEZANATTA@HOTMAIL.COM;NA;NA;55211283000102;DIONÍSIO CERQUEIRA
55952453;0001;00;1;NA;02;20240716;00;NA;105;20240716;5611205;5510803,4723700,8230002,5611203;RODOVIA;BR  163;3421;KM    01;NOSSA SENHORA DA SALETE;89950000;SC;8097;49;99776410;0000;00000000;NA;NA;JAMILCONTABIL@YAHOO.COM.BR;NA;NA;55952453000100;DIONÍSIO CERQUEIRA
59468941;0001;05;1;NA;02;20250214;00;NA;NA;20250214;5611203;9329803,5611205;RUA;JULIO DALMAS;15;SALA 01-A;CENTRO;89950000;SC;8097;49;91536222;NA;NA;NA;NA;GEISY.KORNEICZUK@HOTMAIL.COM;NA;NA;59468941000105;DIONÍSIO CERQUEIRA
59522846;0001;34;1;NA;02;20250218;00;NA;NA;20250218;5611205;4723700,5611204,9329803;DISTRITO;SAO PEDRO TOBIAS;SN;SALA;INTERIOR;89950000;SC;8097;49;99423475;NA;NA;NA;NA;LUCAS6EMEDINA@GMAIL.COM;NA;NA;59522846000134;DIONÍSIO CERQUEIRA
04235409;0001;48;1;A.C.E.C;02;20250422;00;NA;NA;20001222;9329899;NA;RUA;SALDANHA DA GMA;1300;SALA  1;CENTRO;89950000;SC;8097;49;36440447;49;36440072;49;36441297;luiz_diel@hotmail.com;NA;NA;04235409000148;DIONÍSIO CERQUEIRA
07173513;0001;43;1;PRESTACAO SERVICO COSTINHA;02;0;00;NA;NA;20050112;5611203;3832700,3839499,4211102,4213800,4637106,4712100,4755503,4763601,4781400,4782201,4789005;RUA;ALONSO RIGO;05;SALA  COMERCIAL 01;SAO SILVESTRE;89950000;SC;8097;49;91311900;49;36440383;49;36440383;NA;NA;NA;07173513000143;DIONÍSIO CERQUEIRA
20356220;0001;60;1;NA;02;20140530;00;NA;NA;20140530;9001902;7729202,4756300,8592903;ESTRADA MUNICIPAL;Linha Palmeira;sn;CASA;Zona Rural;89950000;SC;8097;49;91226078;NA;NA;NA;NA;NA;NA;NA;20356220000160;DIONÍSIO CERQUEIRA
17081635;0001;63;1;LUGOR CAMBIO E TURISMO;02;20121029;00;NA;NA;20121029;7911200;6619302,7711000,7912100,7990200;RUA;REPUBLICA ARGENTINA;284;SALA  02;CENTRO;89950000;SC;8097;49;36441659;NA;NA;49;36441849;OPERACIONAL.LUGOR@GMAIL.COM;NA;NA;17081635000163;DIONÍSIO CERQUEIRA
28025400;0001;70;1;NA;02;20170623;00;NA;NA;20170623;5611203;4723700,4712100,5612100;RUA;PRINCIPAL;10;CASA;AEROPORTO;89950000;SC;8097;49;98215608;NA;NA;NA;NA;LORECIDOSSANTOSJASPER@GMAIL.COM;NA;NA;28025400000170;DIONÍSIO CERQUEIRA
27443925;0001;63;1;NA;02;20230316;00;NA;NA;20170403;5611204;3832700,3831901,3831999,4712100,9329803,3839499;RUA;PRINCIPAL;29;SALA;AEROPORTO;89950000;SC;8097;49;91577281;NA;NA;NA;NA;ELIASZACHOW68@GMAIL.COM;NA;NA;27443925000163;DIONÍSIO CERQUEIRA
29809453;0001;45;1;NA;02;20180228;00;NA;NA;20180228;5611204;5611203;RODOVIA;BR 373;SN;SALA;DISTRITO DE IDAMAR;89950000;SC;8097;49;36440383;NA;NA;NA;NA;clovis.contabil@yahoo.com;NA;NA;29809453000145;DIONÍSIO CERQUEIRA
45663206;0001;30;1;NA;02;20220315;00;NA;NA;20220315;7911200;NA;RUA;SAO MIGUEL;655;NA;CENTRO;89950000;SC;8097;49;91032805;NA;NA;NA;NA;CAROLINESILVA40007@GMAIL.COM;NA;NA;45663206000130;DIONÍSIO CERQUEIRA
45915192;0001;02;1;NA;02;20220405;00;NA;NA;20220405;5611201;5620101,4723700,5611203;AVENIDA;PARANA;208;SALA 01;CENTRO;89950000;SC;8097;49;99812736;NA;NA;NA;NA;CFIOATTOVAZ@GMAIL.COM;NA;NA;45915192000102;DIONÍSIO CERQUEIRA
47756171;0001;09;1;NA;02;20220829;00;NA;NA;20220829;5611203;NA;RUA;TRAVESSA JULIO PEREIRA DE SA;52;NA;CENTRO;89950000;SC;8097;49;91477072;NA;NA;NA;NA;ALEXANDRESILVASILVA2019@GMAIL.COM;NA;NA;47756171000109;DIONÍSIO CERQUEIRA
35976115;0002;81;2;MC FAVORITT BURGUER;02;20230126;00;NA;NA;20230126;5611203;4723700;RUA;7 DE SETEMBRO;1024;NA;CENTRO;89950000;SC;8097;49;91978027;NA;NA;NA;NA;ITALO_BALBINOT123@HOTMAIL.COM;NA;NA;35976115000281;DIONÍSIO CERQUEIRA
50384612;0001;01;1;NA;02;20230419;00;NA;105;20230419;5611201;5611203,5620102;RUA;7 DE SETEMBRO;995;SALA;CENTRO;89950000;SC;8097;49;99042339;0000;00000000;NA;NA;IFMCONTABIL@GMAIL.COM;NA;NA;50384612000101;DIONÍSIO CERQUEIRA
51239301;0001;03;1;PLAY BEACH SPORTS;02;20230629;00;NA;NA;20230629;9319199;5611204,8591100;AVENIDA;WASHINGTON LUIZ;SN;NA;CENTRO;89950000;SC;8097;49;99814035;NA;NA;NA;NA;PLAY.BEACH.SPORTS.DC@GMAIL.COM;NA;NA;51239301000103;DIONÍSIO CERQUEIRA
26127435;0002;76;2;NA;02;20231207;00;NA;NA;20231207;5611203;4723700,4729699;AVENIDA;PARANA;206;SALA  08;CENTRO;89950000;SC;8097;49;98823968;NA;NA;NA;NA;FROLISORVETES@GMAIL.COM;NA;NA;26127435000276;DIONÍSIO CERQUEIRA
59899932;0001;60;1;NA;02;20250314;00;NA;NA;20250314;5510801;7020400,8219999;RUA;PRESIDENTE VARGAS;860;NA;CENTRO;89950000;SC;8097;46;99120146;NA;NA;NA;NA;ADM.MARCOSDOSSANTOS@GMAIL.COM;NA;NA;59899932000160;DIONÍSIO CERQUEIRA
04389816;0001;00;1;TCHE MICHURRI;02;20051028;00;NA;NA;20010403;5611203;5611201,5612100;TRAVESSA;HERONDI SCHREINER MARAN;SN;QUIOSQ01;CENTRO;89950000;SC;8097;49;91475861;49;36441679;49;36441297;RODRIGO_MARONEZI@HOTMAIL.COM;NA;NA;04389816000100;DIONÍSIO CERQUEIRA
07797753;0001;19;1;ASSOARFRO;02;20240911;00;NA;NA;20060109;9319199;9430800,9493600,9499500;RUA;SALDANHA DA GAMA;01;SALA;CENTRO;89950000;SC;8097;49;36440447;49;36441297;49;36441297;diel@temais.com.br;NA;NA;07797753000119;DIONÍSIO CERQUEIRA
07594325;0001;99;1;BAR E MERCADO VIERA;02;20050912;00;NA;NA;20050912;5611203;4712100;RUA;A 11;S/N;SALA;UNIAO;89950000;SC;8097;49;99987447;NA;NA;NA;NA;NA;NA;NA;07594325000199;DIONÍSIO CERQUEIRA
09610107;0001;26;1;NA;02;20080605;00;NA;NA;20080605;5611201;5620103,5611203,7739099,4751201;RUA;DOM PEDRO II;820;NA;CENTRO;89950000;SC;8097;49;36442482;NA;NA;NA;NA;NA;NA;NA;09610107000126;DIONÍSIO CERQUEIRA
20357384;0001;01;1;HOTEL IGUACU;02;20140523;00;NA;NA;20140523;5510801;7911200,7739003,5510802,9003500,7711000,7912100,9319199,9321200,8230001;RUA;MARIO CLAUDIO TURRA;260;NA;CENTRO;89950000;SC;8097;49;36441029;49;36441482;49;36441029;robsoncontabilidade@outlook.com;NA;NA;20357384000101;DIONÍSIO CERQUEIRA
21240037;0001;67;1;YUME SUSHI DELIVERY;02;20141016;00;NA;NA;20141016;5611201;5611203,5620104;RUA;REPUBLICA ARGENTINA;07;CASA;CENTRO;89950000;SC;8097;46;91109034;NA;NA;NA;NA;JULIANAMARQUESDASILVA123@OUTLOOK.COM;NA;NA;21240037000167;DIONÍSIO CERQUEIRA
12053106;0001;32;1;ACADEMIA DINAMICA;02;20100608;00;NA;NA;20100608;9319199;8592999,4763602,4782201,4781400,4729699;RUA;RIO GRANDE DO SUL;229;SALA  1;CENTRO;89950000;SC;8097;49;36444036;49;36444221;49;36441875;controlcontabilidade@superig.com.br;NA;NA;12053106000132;DIONÍSIO CERQUEIRA
24951848;0001;64;1;NA;02;20160607;00;NA;NA;20160607;5611204;4712100,4723700,9329803;RUA;Vereador Pedro Johan;410;CASA;Peperiguacu;89950000;SC;8097;49;91022383;NA;NA;NA;NA;NA;NA;NA;24951848000164;DIONÍSIO CERQUEIRA
26863949;0001;09;1;NA;02;20170113;00;NA;NA;20170113;7911200;6619302,7711000,7912100,7990200;RUA;REPUBLICA ARGENTINA;129;SALA  01;CENTRO;89950000;SC;8097;49;36442687;NA;NA;NA;NA;BRASILCAMBIOETURISMO@OUTLOOK.COM;NA;NA;26863949000109;DIONÍSIO CERQUEIRA
27287633;0001;89;1;NA;02;20170313;00;NA;NA;20170313;5611204;8230002,9329803;RODOVIA;BR 163;3 A;SALA;ACESSO AO PORTO SECO;89950000;SC;8097;49;91862505;NA;NA;NA;NA;NA;NA;NA;27287633000189;DIONÍSIO CERQUEIRA
31607527;0001;02;1;NA;02;20180926;00;NA;NA;20180926;5611203;9329803,5611205;RUA;JULIO DALMAS;15;SALA 01;CENTRO;89950000;SC;8097;49;91536222;NA;NA;NA;NA;NA;NA;NA;31607527000102;DIONÍSIO CERQUEIRA
34615334;0001;91;1;LANCHONETE E PASTELARIA BONISSIMA;02;20190821;00;NA;NA;20190821;5611203;5611201,5620102;RUA;PRESIDENTE VARGAS;1070;SALA  01;CENTRO;89950000;SC;8097;49;91635519;49;36440383;49;36440383;PASTELARIABONISSIMA@GMAIL.COM;NA;NA;34615334000191;DIONÍSIO CERQUEIRA
35976115;0001;09;1;PIZZARIA LA FAVORITTA;02;20200113;00;NA;NA;20200113;5611201;4723700;RUA;PRESIDENTE VARGAS;980;NA;CENTRO;89950000;SC;8097;49;91978027;NA;NA;NA;NA;ITALO_BALBINOT123@HOTMAIL.COM;NA;NA;35976115000109;DIONÍSIO CERQUEIRA
60216732;0001;45;1;NA;02;20250402;00;NA;NA;20250402;5611205;4723700,9329803;RUA;NADIR CARLOS ZANGALI;05;SALA;UNIAO;89950000;SC;8097;49;91232989;NA;NA;NA;NA;DACOSTAVALDECIR00@GMAIL.COM;NA;NA;60216732000145;DIONÍSIO CERQUEIRA
02318662;0001;30;1;PALACE HOTEL;02;20010825;00;NA;NA;19980114;5510801;4755503,4781400;RUA;SETE DE SETEMBRO;809;SALA 04;CENTRO;89950000;SC;8097;NA;NA;NA;NA;NA;NA;NA;NA;NA;02318662000130;DIONÍSIO CERQUEIRA
11138785;0001;80;1;RESTAURANTE E LANCHONETE DO PORTO;02;20090901;00;NA;NA;20090901;5611201;5611203;RODOVIA;BR 163;SN;"SALA: 01;";NOSSA SENHORA DA SALETE;89950000;SC;8097;49;36441297;49;91354246;49;36441297;LUIZ_DIEL@HOTMAIL.COM;NA;NA;11138785000180;DIONÍSIO CERQUEIRA
12440783;0001;03;1;NA;02;20100825;00;NA;NA;20100825;9001902;5920100,7729202;10A RUA;DAS AZALEIAS;197;CASA;LOTEAMENTO ALBERTO SILVESTRE;89950000;SC;8097;49;91378591;49;36440079;49;36441297;EDHYL@HOTMAIL.COM;NA;NA;12440783000103;DIONÍSIO CERQUEIRA
17549152;0001;40;1;LANCHONETE DA DULCE;02;20130201;00;NA;NA;20130201;5611203;5620102,5620104;RUA;MARIO CLAUDIO TURRA;150;SALA  02;CENTRO;89950000;SC;8097;49;36440383;49;36440383;49;36440383;NA;NA;NA;17549152000140;DIONÍSIO CERQUEIRA
30358982;0001;59;1;RESTAURANTE GRENAL;02;20180503;00;NA;NA;20180503;5611201;5620101,5620104;RUA;7 DE SETEMBRO;867;NA;CENTRO;89950000;SC;8097;49;99120209;NA;NA;NA;NA;GIOVANIGRENAL10@GMAIL.COM;NA;NA;30358982000159;DIONÍSIO CERQUEIRA
30802048;0001;84;1;NA;02;20180627;00;NA;NA;20180627;5611203;5620104,5620102,1013901,4723700,4729699,5611204;RUA;DIVISOR;300;SALA;PEPERIGUACU;89950000;SC;8097;49;91477705;NA;NA;NA;NA;EDUARDO766114@GMAIL.COM;NA;NA;30802048000184;DIONÍSIO CERQUEIRA
37246338;0001;38;1;NA;02;20200527;00;NA;NA;20200527;5611203;4723700;RUA;VEREADOR JOAO VICTORIO VERONA;154;NA;CENTRO;89950000;SC;8097;49;33005332;NA;NA;NA;NA;ROSANI1970ROMA@GMAIL.COM;NA;NA;37246338000138;DIONÍSIO CERQUEIRA
43230146;0001;36;1;NA;02;20210823;00;NA;NA;20210823;5611203;1096100,1031700,4721102,4724500,4772500,1091101,5611205,5620104,5620101,4729699,1093702,0322104,4782201,9329803;3A VILA;LIMHA JACO MARAM;000;NA;LINHA JACO MARAM;89950000;SC;8097;47;97584267;NA;NA;NA;NA;VILMARDOSSANTOS250@GMAIL.COM;NA;NA;43230146000136;DIONÍSIO CERQUEIRA
45086458;0001;43;1;NA;02;20220131;00;NA;NA;20220131;5611205;4399103,5611203;RUA;RUA 04;160;SALA;BAIRRO SAO SILVESTRE;89950000;SC;8097;49;99913897;NA;NA;NA;NA;SABRINALETICIA45@OUTLOOK.COM;NA;NA;45086458000143;DIONÍSIO CERQUEIRA
47621138;0001;71;1;NA;02;20220818;00;NA;NA;20220818;5611201;5620104,5620103,5620101,5611203;RUA;VEREADOR CARMELITO DE SOUZA;15;SALA;PRIMEIRO DE MAIO;89950000;SC;8097;46;84147162;NA;NA;NA;NA;ANTONIOTHIETTA@GMAIL.COM;NA;NA;47621138000171;DIONÍSIO CERQUEIRA
48045386;0001;84;1;NA;02;20220922;00;NA;NA;20220922;5611201;NA;AVENIDA;PREFEITO ADELINO MANGINI;104;NA;CENTRO;89950000;SC;8097;49;91923444;NA;NA;NA;NA;IZA_MARONEZI@OUTLOOK.COM;NA;NA;48045386000184;DIONÍSIO CERQUEIRA
49740329;0001;88;1;KASA SAKURA;02;20230228;00;NA;105;20230228;5611201;4723700,4729699,5611203,5620101,5620103,5620104;AVENIDA;PARANA;206;SALA  01;CENTRO;89950000;SC;8097;49;91220687;NA;NA;NA;NA;KASASAKURATRI@GMAIL.COM;NA;NA;49740329000188;DIONÍSIO CERQUEIRA
50633173;0001;15;1;NA;02;20230511;00;NA;NA;20230511;7911200;7912100;RUA;DO DIVISOR;202;SALA;CENTRO;89950000;SC;8097;49;89202946;NA;NA;NA;NA;NATHANAGEISA@YAHOO.COM.BR;NA;NA;50633173000115;DIONÍSIO CERQUEIRA
58859277;0001;54;1;NA;02;20250114;00;NA;NA;20250114;5611205;4723700,4712100,5612100;ACESSO;PORTO SECO;SN;CASA;TRES FRONTEIRAS;89950000;SC;8097;49;91693409;NA;NA;NA;NA;LZCARMO33@GMAIL.COM;NA;NA;58859277000154;DIONÍSIO CERQUEIRA
61365679;0001;07;1;CAFE COLONIAL E CONVENIENCIA DO VEIO DA BR 163;02;20250618;00;NA;105;20250618;5611203;4712100,5611201;RODOVIA;BR 163;KM 57;QUIOSQB;INTERIOR;89950000;SC;8097;49;91793043;0000;00000000;NA;NA;CLOVIS.CONTABIL@YAHOO.COM;NA;NA;61365679000107;DIONÍSIO CERQUEIRA
63808906;0001;57;1;NA;02;20251125;00;NA;NA;20251125;5611205;4723700,4712100,5611204,5611203;ESTRADA;LINHA JACO MARAM;SN;NA;INTERIOR;89950000;SC;8097;49;91636386;NA;NA;NA;NA;MOURAJOSEELIAS449@GMAIL.COM;NA;NA;63808906000157;DIONÍSIO CERQUEIRA
02118027;0001;09;1;NA;02;20190325;00;NA;NA;19970904;5611204;4712100;RUA;GILDO AGOSTINI;61;SALA 01;TRES FRONTEIRAS;89950000;SC;8097;49;36441748;NA;NA;NA;NA;NA;NA;NA;02118027000109;DIONÍSIO CERQUEIRA
06051637;0001;93;1;RESTAURANTE SAO CRISTOVAO;02;20031205;00;NA;NA;20031205;5611201;NA;RODOVIA;BR 163 KM 57;SN;SALA 04;IDAMAR;89950000;SC;8097;49;6440383;NA;NA;49;6440383;NA;NA;NA;06051637000193;DIONÍSIO CERQUEIRA
83413070;0001;07;1;C T G SINUELO DA FRONTEIRA;02;20051103;00;NA;NA;19760102;9329899;NA;RUA;SETE DE SETEMBRO;S/N;NA;CENTRO;89950000;SC;8097;NA;NA;NA;NA;NA;NA;NA;NA;NA;83413070000107;DIONÍSIO CERQUEIRA
07960764;0001;78;1;BAR DA MARCIA;02;20230308;00;NA;NA;20060322;5611204;4712100;RODOVIA;BR 163;SN;CASA  CASA;INTERIOR;89950000;SC;8097;46;91261038;49;36441297;49;36441297;NIKECONTABILIDADE@YAHOO.COM.BR;NA;NA;07960764000178;DIONÍSIO CERQUEIRA
10811508;0001;23;1;NA;02;20090326;00;NA;NA;20090326;9329899;NA;RUA;LEOBERTO LEAL;709;CASA;CENTRO;89950000;SC;8097;49;99680156;NA;NA;NA;NA;NA;NA;NA;10811508000123;DIONÍSIO CERQUEIRA
23962348;0001;65;1;NA;02;20160113;00;NA;NA;20160113;5611203;4729699;10A AVENIDA;WASHINGTON LUIZ;517;CASA 04;CENTRO;89950000;SC;8097;49;91604209;NA;NA;NA;NA;MARCIARIBEIRO@HOTMAIL.COM;NA;NA;23962348000165;DIONÍSIO CERQUEIRA
23746623;0001;03;1;NA;02;20151127;00;NA;NA;20151127;5611204;4541206,4543900,4530703,4520001,9329803;RUA;CLAUDIO TURRA;SN;CASA;DISTRITO DE IDAMAR;89950000;SC;8097;49;99496848;NA;NA;NA;NA;NA;NA;NA;23746623000103;DIONÍSIO CERQUEIRA
19201131;0001;65;1;NA;02;20131101;00;NA;NA;20131101;5510801;4721104,4723700,4729602,4772500,4781400,4789001,5611201,5611203,8230001,9602502;RUA;PARANA;10;CASA;CENTRO;89950000;SC;8097;49;36442682;49;91060684;NA;NA;RECEPCAO@HOTELFRANCO.COM.BR;NA;NA;19201131000165;DIONÍSIO CERQUEIRA
27457673;0001;21;1;NA;02;20170404;00;NA;NA;20170404;5611203;5612100,4721102,1091101;RUA;RUA B - CASA 14;14;CASA;BAIRRO UNIAO;89950000;SC;8097;49;31971311;NA;NA;NA;NA;NA;NA;NA;27457673000121;DIONÍSIO CERQUEIRA
30244140;0001;76;1;BORALA VIAGENS;02;20180419;00;NA;NA;20180419;7911200;4929903,5099801,7020400,7319002,7319003,7912100,7990200,8211300,8219999,8230001;RUA;PARANA;10;ANEXO  HOTEL FRANCO;CENTRO;89950000;SC;8097;49;91450189;NA;NA;NA;NA;FRANCIELYY@HOTMAIL.COM;NA;NA;30244140000176;DIONÍSIO CERQUEIRA
32105227;0001;98;1;NA;02;20181126;00;NA;NA;20181126;5611205;4789099,4723700,4721103,4712100,4772500,5611203,4781400,4755502,4759801,4754702,4755503,4782201,4789005;AVENIDA;PARANA;20;SALA 01;CENTRO;89950000;SC;8097;49;91115568;NA;NA;NA;NA;ANDRESSAFLORES72@GMAIL.COM;NA;NA;32105227000198;DIONÍSIO CERQUEIRA
37440645;0001;55;1;CASA DEODOROS RESTAURANTE;02;20200617;00;NA;NA;20200617;5611201;4723700,5611203,5611204,5620102;RUA;NEREU RAMOS;108;NA;CENTRO;89950000;SC;8097;45;98388286;NA;NA;NA;NA;FRIZONCONTABILIDADE@GMAIL.COM;NA;NA;37440645000155;DIONÍSIO CERQUEIRA
41852628;0001;00;1;NA;02;20241230;00;NA;NA;20210506;5611203;8230001,9329803;RUA;ARGEMIRO PEREIRA;153;CASA 309;FLORESTA;89950000;SC;8097;49;91290122;NA;NA;NA;NA;CLOVIS.CONTABIL@YAHOO.COM;NA;NA;41852628000100;DIONÍSIO CERQUEIRA
42204762;0001;50;1;PIZZARIA REPUBLICA 144;02;20210604;00;NA;NA;20210604;5611201;NA;RUA;REPUBLICA ARGENTINA;0;NA;CENTRO;89950000;SC;8097;49;98080471;NA;NA;NA;NA;JEFERSONLUIZSCARIOT@GMAIL.COM;NA;NA;42204762000150;DIONÍSIO CERQUEIRA
43157432;0001;13;1;NA;02;20210817;00;NA;NA;20210817;5611203;NA;RUA;PRINCIPAL;55;CASA;JOANA;89950000;SC;8097;49;99984719;NA;NA;NA;NA;CEQBERONICE@GMAIL.COM;NA;NA;43157432000113;DIONÍSIO CERQUEIRA
43643152;0001;15;1;NA;02;20210924;00;NA;NA;20210924;7990200;4929903,4789001,7911200,7319002,8599604,7912100,8592999,4929902,5091202,8230001;RUA;DAO PEDRO PRIMEIRO;330;CASA CASA;CENTRO;89950000;SC;8097;49;99116283;NA;NA;NA;NA;SOLANGE_RIGHI@HOTMAIL.COM;NA;NA;43643152000115;DIONÍSIO CERQUEIRA
48510759;0001;40;1;NA;02;20221104;00;NA;NA;20221104;5611205;5620103,5611204,5611203,9329803;RUA;VEREADOR CLAUDINO ANTONIOLLI;70;SALA;CENTRO;89950000;SC;8097;49;98082888;NA;NA;NA;NA;JEDTASSO@GMAIL.COM;NA;NA;48510759000140;DIONÍSIO CERQUEIRA
50027161;0001;47;1;NA;02;20230322;00;NA;NA;20230322;5611201;5620104,5611203;RUA;SETE DE SETEMBRO;28;SALA;CENTRO;89950000;SC;8097;47;97737142;NA;NA;NA;NA;KAWANA.SANSON@HOTMAIL.COM;NA;NA;50027161000147;DIONÍSIO CERQUEIRA
50421444;0001;79;1;NA;02;20230424;00;NA;NA;20230424;5611201;4742300,9511800,4752100,4751201,9512600,4753900,4772500;RUA;XV DE NOVEMBRO;000;NA;CENTRO;89950000;SC;8097;49;91416829;NA;NA;NA;NA;LUANH20MULLER@GMAIL.COM;NA;NA;50421444000179;DIONÍSIO CERQUEIRA
60922588;0001;62;1;NA;02;20250520;00;NA;NA;20250520;5611203;NA;1A RUA;RUA SETE DE SETEMBRO;901;NA;CENTRO;89950000;SC;8097;49;99862559;NA;NA;NA;NA;SIDINEIPASETTI14@GMAIL.COM;NA;NA;60922588000162;DIONÍSIO CERQUEIRA
11845530;0001;57;1;ASSOC DE DESENV COMUNITARIO TOLDO;02;20100412;00;NA;NA;20100412;9329899;NA;ESTRADA;GERAL;SN;PAVLH 01;LINHA TOLDO;89950000;SC;8097;49;91570362;NA;NA;NA;NA;NA;NA;NA;11845530000157;DIONÍSIO CERQUEIRA
23893830;0001;90;1;NA;02;20151230;00;NA;NA;20151230;5611204;NA;RUA;ODILA MANTOVANI;30;SALA;PEPERIGUACU;89950000;SC;8097;49;91057898;NA;NA;NA;NA;NA;NA;NA;23893830000190;DIONÍSIO CERQUEIRA
23191379;0001;60;1;DOCE FRIO - DELICIAS GELADAS;02;20150901;00;NA;NA;20150901;5611203;4729699,1092900,1094500,1091102,1053800,5620104,4721102,5611201,5620102;RUA;7 DE SETEMBRO;809;SALA  02;CENTRO;89950000;SC;8097;49;88140068;NA;NA;NA;NA;NA;NA;NA;23191379000160;DIONÍSIO CERQUEIRA
20930260;0001;73;1;NA;02;20140828;00;NA;NA;20140828;5611201;5620104,4723700,4729699,4721102,1091102,5611203,1094500,1091101;1A RUA;NEREU RAMOS;444;NA;CENTRO;89950000;SC;8097;49;91668625;NA;NA;NA;NA;IVONETEZENIDELIMA62@GMAIL.COM;NA;NA;20930260000173;DIONÍSIO CERQUEIRA
35947071;0001;80;1;NA;02;20240215;00;NA;NA;20200109;5611203;4541207,4723700,4712100,4530704,4721102,4520005,5611204,4520001;ESTRADA;LINHA JACOB MARAN;SN;NA;INTERIOR;89950000;SC;8097;49;91880643;NA;NA;NA;NA;CLOVIS.CONTABIL@YAHOO.COM;NA;NA;35947071000180;DIONÍSIO CERQUEIRA
43179873;0001;16;1;NA;02;20210818;00;NA;NA;20210818;5611203;4723700;RUA;BORGES DE MEDEIROS;597;NA;CENTRO;89950000;SC;8097;49;99430996;NA;NA;NA;NA;RENATAFLORES@GMAIL.COM;NA;NA;43179873000116;DIONÍSIO CERQUEIRA
48612366;0001;48;1;NA;02;20221114;00;NA;NA;20221114;5611205;NA;10A AVENIDA;INTERNACIONAL;1431;NA;CENTRO;89950000;SC;8097;49;91091886;NA;NA;NA;NA;ALINEPINHEIRO018@OUTLOOK.COM;NA;NA;48612366000148;DIONÍSIO CERQUEIRA
53903769;0001;86;1;NA;02;20240214;00;NA;NA;20240214;5611203;4789099,4723700,4713002,4712100,4772500,4781400,4729601,4729699,4763604,5612100,4755503,4763601,4744001,4789005;RODOVIA;BR 373;1578;NA;CENTRO;89950000;SC;8097;69;99153099;NA;NA;NA;NA;LAIDESPAULUSGRESPAN@GMAIL.COM;NA;NA;53903769000186;DIONÍSIO CERQUEIRA
55483786;0001;37;1;LA CASA DO ESPETINHO;02;20240611;00;NA;105;20240611;5611201;4723700,4712100,4781400,4782201,4755503;RUA;DO DIVISOR;1000;SALA  COMERCIAL 01;PEPERIGUACU;89950000;SC;8097;49;98019518;NA;NA;NA;NA;JOAORODRIGUESVITOR72@GMAIL.COM;NA;NA;55483786000137;DIONÍSIO CERQUEIRA
57534735;0001;12;1;NA;02;20241002;00;NA;NA;20241002;5611205;8230002;12A RUA;PARANA;250;SALA;CENTRO;89950000;SC;8097;49;99274755;NA;NA;NA;NA;HENRIQUEDECAMARGO123@GMAIL.COM;NA;NA;57534735000112;DIONÍSIO CERQUEIRA
57885601;0001;46;1;NA;02;20241029;00;NA;NA;20241029;5590602;8599699;CHACARA;LINHA TOLDO BAIXO;S/N;CASA DE CAMPO;INTERIOR;89950000;SC;8097;49;98298773;NA;NA;NA;NA;GISELEVEIGAMUNIZ6@GMAIL.COM;NA;NA;57885601000146;DIONÍSIO CERQUEIRA
58996213;0001;03;1;NA;02;20250121;00;NA;NA;20250121;5611205;NA;2A TRAV. DA RODOVIA;163;163;NA;1 DE MAIO;89950000;SC;8097;49;99652097;NA;NA;NA;NA;WILLIANCARNETTE@GMAIL.COM;NA;NA;58996213000103;DIONÍSIO CERQUEIRA
59675329;0001;03;1;NA;02;20250226;00;NA;NA;20250226;5611203;NA;10A RUA;BAIRRO PRIMEIRO DE MAIO;1173;CASA;PRIMEIRO DE MAIO;89950000;SC;8097;49;91272249;NA;NA;NA;NA;EDUARDASBERSE2@GMAIL.COM;NA;NA;59675329000103;DIONÍSIO CERQUEIRA
60936169;0001;80;1;NA;02;20250521;00;NA;NA;20250521;5510801;4729699,5510802,5611201;RUA;PARANA;10;SALA  TERRA;CENTRO;89950000;SC;8097;49;91860667;NA;NA;NA;NA;ADMINISTRATIVO@HOTELFRANCO.COM.BR;NA;NA;60936169000180;DIONÍSIO CERQUEIRA
61746107;0001;78;1;RESTAURANTE PERIN;02;20250715;00;NA;105;20250715;5611201;NA;RUA;REPUBLICA ARGENTINA;265;NA;CENTRO;89950000;SC;8097;46;99757147;0000;00000000;NA;NA;VALLEASSESSORIA@HOTMAIL.COM;NA;NA;61746107000178;DIONÍSIO CERQUEIRA
61981862;0001;37;1;NA;02;20250730;00;NA;NA;20250730;5611203;5620104,1096100,4723700,4729699,5611201,7990200;10A AVENIDA;ADELINO MANGINI;S/N;NA;CENTRO;89950000;SC;8097;46;91135028;NA;NA;NA;NA;VENCIGUERRA.MARIA06@GMAIL.COM;NA;NA;61981862000137;DIONÍSIO CERQUEIRA
64861464;0001;75;1;NA;02;20260202;00;NA;NA;20260202;5611201;5620101,5620104;RUA;7 DE SETEMBRO;867;NA;CENTRO;89950000;SC;8097;49;91298955;NA;NA;NA;NA;PANA89494@GMAIL.COM;NA;NA;64861464000175;DIONÍSIO CERQUEIRA
03796498;0001;39;1;ASSOCIACAO FRONTEIRA DE KUNG FU;02;20000510;00;NA;NA;20000510;9319199;NA;RUA;MANOEL FARIAS;135;SALA;CENTRO;89950000;SC;8097;49;91184493;49;36441297;NA;NA;LEIALIANE@HOTMAIL.COM;NA;NA;03796498000139;DIONÍSIO CERQUEIRA
11462730;0001;20;1;NA;02;20100112;00;NA;NA;20100112;7711000;4923001,5229001,5229002;RUA;REPUBLICA ARGENTINA;284;"SALA: 14;";CENTRO;89950000;SC;8097;49;91236010;NA;NA;NA;NA;EVANDROSEG@GMAIL.COM;NA;NA;11462730000120;DIONÍSIO CERQUEIRA
11686993;0001;13;1;NA;02;20100316;00;NA;NA;20100316;5611203;NA;AVENIDA;PARANA;300;NA;CENTRO;89950000;SC;8097;49;36442486;NA;NA;NA;NA;NA;NA;NA;11686993000113;DIONÍSIO CERQUEIRA
15610087;0001;96;1;RESTAURANTE E CHOPERIA DA MAMMA;02;20120528;00;NA;NA;20120528;5611201;4723700,5611203,5611204,5620101,8230002;RUA;RIO GRANDE DO SUL;54;SALA 01;CENTRO;89950000;SC;8097;49;91071608;49;91080838;NA;NA;cleriamssilva@hotmail.com;NA;NA;15610087000196;DIONÍSIO CERQUEIRA
34558622;0001;51;1;NA;02;20190816;00;NA;NA;20190816;5611205;4723700,4330402,4399199,4399103,5611204,4330404,4330405,9329803;CHACARA;LINHA PRESIDENTE VARGAS;S/N;CASA;INTERIOR;89950000;SC;8097;49;91065931;NA;NA;NA;NA;TAGIBEANDRADE@HOTMAIL.COM;NA;NA;34558622000151;DIONÍSIO CERQUEIRA
35747585;0001;92;1;NA;02;20191210;00;NA;NA;20191210;5611205;NA;RUA;VEREADOR AZEMIRO PEREIRA;111;SALA;PEPERI IGUACU;89950000;SC;8097;49;91643320;NA;NA;NA;NA;JOAOANCELMOEVANGELHO@GMAIL.COM;NA;NA;35747585000192;DIONÍSIO CERQUEIRA
39461930;0001;88;1;NA;02;20201017;00;NA;NA;20201017;5611204;5320202,4723700,4729601,4712100,4729699;12A RUA;NILVO BERTE;36;"CASA ROXA ;CASA 36;ANDAR 1";PRIMEIRO DE MAIO;89950000;SC;8097;49;36442010;NA;NA;NA;NA;SD658DACRUZ@GMAIL.COM;NA;NA;39461930000188;DIONÍSIO CERQUEIRA
41404627;0001;95;1;NA;02;20210330;00;NA;NA;20210330;5611201;5611204,5611203;RUA;XV DE NOVEMBRO;000;NA;CENTRO;89950000;SC;8097;49;91317610;NA;NA;NA;NA;MELANHAMULLER20@GMAIL.COM;NA;NA;41404627000195;DIONÍSIO CERQUEIRA
46793234;0001;34;1;TERMINAL RODOVIARIO DE DIONISIO CERQUEIRA;02;20220614;00;NA;NA;20220614;7911200;7912100;RUA;JULIO DALMAS;15;BOX   01;CENTRO;89950000;SC;8097;49;91185207;NA;NA;NA;NA;MARCELOK.CONTABIL@GMAIL.COM;NA;NA;46793234000134;DIONÍSIO CERQUEIRA
50520377;0001;40;1;NA;02;20230502;00;NA;105;20230502;5611201;NA;RUA;DOM PEDRO II;820;SALA  2;CENTRO;89950000;SC;8097;49;99450287;0000;00000000;NA;NA;JOSIELENBRITO1981@GMAIL.COM;NA;NA;50520377000140;DIONÍSIO CERQUEIRA
52302995;0001;49;1;NA;02;20230925;00;NA;NA;20230925;5611205;4723700,5611204;RUA;CLAUDIO TURRA;SN;CASA;IDAMAR;89950000;SC;8097;49;99496848;NA;NA;NA;NA;RC134721@GMAIL.COM;NA;NA;52302995000149;DIONÍSIO CERQUEIRA
54371871;0001;40;1;DOGAO LANCHES & ACAI;02;20240318;00;NA;NA;20240318;5611203;NA;RUA;7 DE SETEMBRO;1024;NA;CENTRO;89950000;SC;8097;46;99224167;NA;NA;NA;NA;LUIZLOVATTO10@GMAIL.COM;NA;NA;54371871000140;DIONÍSIO CERQUEIRA
55876665;0001;55;1;NA;02;20240710;00;NA;NA;20240710;5611203;4723700;RUA;CAMARGO FORTES;125;SALA 01;TRES FRONTEIRAS;89950000;SC;8097;46;91074149;NA;NA;NA;NA;ENOIRENOIR59@GMAIL.COM;NA;NA;55876665000155;DIONÍSIO CERQUEIRA
56153218;0001;30;1;NA;02;20240730;00;NA;NA;20240730;5611201;4723700;10A RUA;REPUBLICA ARGENTINA;277;NA;CENTRO;89950000;SC;8097;49;98087329;NA;NA;NA;NA;ADMINISTRATIVO@SSCNT.COM.BR;NA;NA;56153218000130;DIONÍSIO CERQUEIRA
59831539;0001;35;1;NA;02;20250311;00;NA;NA;20250311;5611203;5611204;2A VILA;SAO PEDRO TOBIAS;00;NA;INTERIOR;89950000;SC;8097;49;99957066;NA;NA;NA;NA;FERNANDAENGEROFF8@GMAIL.COM;NA;NA;59831539000135;DIONÍSIO CERQUEIRA
62167046;0001;57;1;NA;02;20250811;00;NA;NA;20250811;5611205;8230002;RODOVIA;BR 163;000;SALA KM 1;CENTRO;89950000;SC;8097;46;92749400;NA;NA;NA;NA;LIMALAUDELINO@HOTMAIL.COM;NA;NA;62167046000157;DIONÍSIO CERQUEIRA
00289562;0001;05;1;HOTEL IGUACU;02;20001223;00;NA;NA;19941110;5510801;NA;RUA;MARIO CLAUDIO TURRA;262;ANDAR 2;CENTRO;89950000;SC;8097;49;36441029;49;36441482;49;36441482;adicontabil@temais.com.br;NA;NA;00289562000105;DIONÍSIO CERQUEIRA
78503109;0001;39;1;SAMOCC;02;20240828;00;NA;NA;19880113;9319199;NA;RUA;ESTRADA LINHA DO PEPERI;S N;NA;ZONA RURAL;89950000;SC;8097;NA;NA;NA;NA;NA;NA;NA;NA;NA;78503109000139;DIONÍSIO CERQUEIRA
80107568;0001;45;1;NA;02;20051103;00;NA;NA;19870717;7911200;7912100,7990200;RUA;REPUBLICA ARGENTINA;115;SALA 01 - TERREO;CENTRO;89950000;SC;8097;49;36430093;49;36441000;49;3644100;ls@zipway.com.br;NA;NA;80107568000145;DIONÍSIO CERQUEIRA
83512178;0001;49;1;NA;02;20220909;00;NA;NA;19780419;9319199;NA;VILA;SAO PEDRO TOPIAS;SN;NA;SAO PEDRO TOPIAS;89950000;SC;8097;49;99959381;NA;NA;NA;NA;SERUNIVERSALSPT@GMAIL.COM;NA;NA;83512178000149;DIONÍSIO CERQUEIRA
73661506;0001;15;1;NA;02;20051014;00;NA;NA;19931109;9001901;5212500,4930204,8592999,8592902;RUA;SALDANHA DA GAM;360;SALA;CENTRO;89950000;SC;8097;49;99820441;NA;NA;49;36441297;ENCOMENDAS.DC.BCAO@GMAIL.COM;NA;NA;73661506000115;DIONÍSIO CERQUEIRA
08242629;0001;50;1;LANCHONETE QUERO QUERO;02;20060529;00;NA;NA;20060529;5611201;NA;OUTROS;BR 163;3421;SALA;ACESSO AO PORTO SECO;89950000;SC;8097;04;9;36;440383;NA;NA;NA;NA;NA;08242629000150;DIONÍSIO CERQUEIRA
21963224;0001;79;1;NA;02;20150302;00;NA;NA;20150302;5611203;5611201,5611204;RUA;PRESIDENTE VARGAS;16;SALA;CENTRO;89950000;SC;8097;49;91999821;NA;NA;NA;NA;NA;NA;NA;21963224000179;DIONÍSIO CERQUEIRA
33474252;0001;01;1;BISTRO DO MUTHI;02;20190426;00;NA;NA;20190426;5611203;4721104;RUA;7 DE SETEMBRO;500;SALA  02;CENTRO;89950000;SC;8097;49;91209585;NA;NA;NA;NA;BISTRODOMUTHI@GMAIL.COM;NA;NA;33474252000101;DIONÍSIO CERQUEIRA
46647903;0001;60;1;NA;02;20220603;00;NA;NA;20220603;5611205;4723700,5611204,5611203,9329803,8230002;RUA;PRINCIPAL;30;CASA;COHAB;89950000;SC;8097;49;91750335;NA;NA;NA;NA;COZZACOSSA@GMAIL.COM;NA;NA;46647903000160;DIONÍSIO CERQUEIRA
48778014;0001;67;1;BAR E MERCADO PONTO CERTO;02;20221201;00;NA;NA;20221201;5611205;4723700,4713002,5611203,9329803,1091101;RUA;PROJETADA;75;SALA;AEROPORTO;89950000;SC;8097;49;91264142;NA;NA;NA;NA;NOELIDEMORAIS@GMAIL.COM;NA;NA;48778014000167;DIONÍSIO CERQUEIRA
58067502;0001;10;1;PIZZARIA E ESFIHA FAVORITTA;02;20241112;00;NA;NA;20241112;5611201;NA;RUA;PRESIDENTE VARGAS;980;SALA  02;CENTRO;89950000;SC;8097;49;91652559;NA;NA;NA;NA;TRANSPBALBINOT@HOTMAIL.COM;NA;NA;58067502000110;DIONÍSIO CERQUEIRA
55534122;0001;50;1;NA;02;20240614;00;NA;105;20240614;9319199;4763602,5611203,5611204,7721700,9311500;RUA;EURILEMO LUCIO ZANETTE;340;NA;NOSSA SENHORA DA SALETE;89950000;SC;8097;49;91498998;0000;00000000;NA;NA;KATIANESELKE@GMAIL.COM;NA;NA;55534122000150;DIONÍSIO CERQUEIRA
58277127;0001;32;1;NA;02;20241128;00;NA;NA;20241128;5611203;5620103,4729699,4721102;10A AVENIDA;AVENIDA PARANA;208;NA;CENTRO;89950000;SC;8097;46;91350894;NA;NA;NA;NA;SANTOSTELECOM17@OUTLOOK.COM.BR;NA;NA;58277127000132;DIONÍSIO CERQUEIRA
64346898;0001;37;1;MONELI VIAGENS;02;20251220;00;NA;NA;20251220;7911200;7912100,7990200,8230001;RUA;DOS GIRASSOIS;191;SALA  SALA 2;COHAB;89950000;SC;8097;49;84289776;49;99415152;00;00000000;MONELIVIAGENS@GMAIL.COM;NA;NA;64346898000137;DIONÍSIO CERQUEIRA
65665188;0001;32;1;NA;02;20260313;00;NA;NA;20260313;5611205;4723700,4712100,5611204;RUA;MILTON SOARES SILVEIRA;48;NA;PEPRIGUACU;89950000;SC;8097;49;91068162;NA;NA;NA;NA;CLAUDIOLORENCO347@GMAIL.COM;NA;NA;65665188000132;DIONÍSIO CERQUEIRA
95801924;0001;01;1;SEXABY MOTEL;02;20031108;00;NA;NA;19921215;5510803;NA;RODOVIA;BR 373 KM 05;SN;SEXABY MOTEL;LINHA SEPARACAO;89950000;SC;8097;49;6441482;NA;NA;49;6441482;adicontabil@smo.com.br.;NA;NA;95801924000101;DIONÍSIO CERQUEIRA
11331837;0001;30;1;RESTAURANTE GRENAL;02;20091120;00;NA;NA;20091120;5611201;5611203,4633801;RUA;SETE DE SETEMBRO;809;SALA  A;CENTRO;89950000;SC;8097;49;36441206;NA;NA;NA;NA;NA;NA;NA;11331837000130;DIONÍSIO CERQUEIRA
08362607;0001;23;1;RESTAURANTE SABOR & ARTE;02;20061011;00;NA;NA;20061011;5611201;7311400,4530703,4541206,4761003,4763601,4722901,4744001,4761001,4754701,4751201,4757100,5812301,5811500,5813100,2091600,8219901,1811301,1811302,1813001,1822999,1822901,4711302;RUA;DOM PEDRO I;166;NA;CENTRO;89950000;SC;8097;49;36442482;NA;NA;49;36441482;ADILSONVEIGA@GMAIL.COM;NA;NA;08362607000123;DIONÍSIO CERQUEIRA
09627177;0001;97;1;LANCHONETE E CHURRASCARIA QUERO-QUERO;02;20080307;00;NA;NA;20080307;5611201;5611204,4712100;RUA;REPUBLICA ARGENTINA;291;SALA  01;CENTRO;89950000;SC;8097;49;99986271;49;36440383;49;36440383;fogiatto@yahoo.com.br;NA;NA;09627177000197;DIONÍSIO CERQUEIRA
17567118;0001;07;1;NA;02;20250609;00;NA;NA;20130213;7911200;NA;RUA;JULIO DALMAS;315;BOX;CENTRO;89950000;SC;8097;49;36441603;NA;NA;NA;NA;robson@adicontabilidade.com.br;NA;NA;17567118000107;DIONÍSIO CERQUEIRA
21982743;0001;84;1;NA;02;20240620;00;NA;NA;20150305;5590699;NA;RUA;PARANA;374;NA;CENTRO;89950000;SC;8097;49;36441482;NA;NA;NA;NA;NA;NA;NA;21982743000184;DIONÍSIO CERQUEIRA
21443327;0001;08;1;NA;02;20141120;00;NA;NA;20141120;5611204;4742300,4789001,4744003,4712100,4724500,4399103,4782201,4744099;AVENIDA;WASHINGTON LUIZ;SN;SALA;PRIMEIRO DE MAIO;89950000;SC;8097;49;91313890;NA;NA;NA;NA;CLOVIS.CONTABIL@YAHOO.COM;NA;NA;21443327000108;DIONÍSIO CERQUEIRA
26354426;0001;37;1;NA;02;20161014;00;NA;NA;20161014;5611205;4712100,4772500,5611204,5611203;RUA;FELICISSIMO DE LARA;48;SALA 01;CENTRO;89950000;SC;8097;49;99504346;NA;NA;NA;NA;CLOVIS.CONTABIL@YAHOO.COM;NA;NA;26354426000137;DIONÍSIO CERQUEIRA
34737559;0001;10;1;CAFE COLONIAL DO VEIO DA BR 163;02;20190902;00;NA;NA;20190902;5611203;4712100,5611201;RODOVIA;BR 163;S/N;SALA;IDAMAR;89950000;SC;8097;49;91793043;NA;NA;NA;NA;FOGIATTO12@GMAIL.COM;NA;NA;34737559000110;DIONÍSIO CERQUEIRA
36598694;0001;58;1;NA;02;20200309;00;NA;NA;20200309;5611203;NA;AVENIDA;PARANA;208;ANEXO AO SUPER BONO;CENTRO;89950000;SC;8097;49;91139728;NA;NA;NA;NA;CAMILATAIS@HOTMAIL.COM;NA;NA;36598694000158;DIONÍSIO CERQUEIRA
54636822;0001;92;1;RANCHO 9DOIS;02;20240408;00;NA;105;20240408;5611201;4723700;RUA;HENRIQUE DAMBROS;323;SALA  COMERCIAL 01;TRÊS FRONTEIRAS;89950000;SC;8097;49;91703601;0000;00000000;NA;NA;RANCHO9DOIS@OUTLOOK.COM;NA;NA;54636822000192;DIONÍSIO CERQUEIRA
75440602;0001;69;1;NA;02;20230313;00;NA;NA;19840405;9319101;9319199;ESTRADA;PRINCIPAL;S/N;NA;SEDE MARINA;89950000;SC;8097;NA;NA;NA;NA;NA;NA;NA;NA;NA;75440602000169;DIONÍSIO CERQUEIRA
26180297;0001;08;1;NA;02;20160916;00;NA;NA;20160916;5611204;NA;RUA DE LIGACAO;PRINCIPAL;0;NA;DISTRITO DE IDAMAR;89950000;SC;8097;49;91810976;NA;NA;NA;NA;NA;NA;NA;26180297000108;DIONÍSIO CERQUEIRA
37468566;0001;52;1;RESTAURANTE DO GAUCHO;02;20200619;00;NA;NA;20200619;5611201;4712100,4330402,4330404,4399103,4330405,5611203,9329803,5611205;RODOVIA;BR  163;3421;SALA  COMERCIAL 01;NOSSA SENHORA DA SALETE;89950000;SC;8097;49;91054073;NA;NA;NA;NA;CLAUDEMIR2020BINA@GMAIL.COM;NA;NA;37468566000152;DIONÍSIO CERQUEIRA
10399894;0003;50;2;NA;02;20201202;00;NA;NA;20201202;7711000;4520001,4520002,4520003,4520004,7319003,7739099,7740300;RUA;REPUBLICA ARGENTINA;440;NA;CENTRO;89950000;SC;8097;46;32201700;NA;NA;NA;NA;SUPERVISAO1@RESULTCONTADORES.COM.BR;NA;NA;10399894000350;DIONÍSIO CERQUEIRA
40830491;0001;12;1;NA;02;20210212;00;NA;NA;20210212;5611205;9329803;RUA;JOSE FOGIATTO;SN;SALA;IDAMAR;89950000;SC;8097;19;97101318;NA;NA;NA;NA;FOGIATTO12@GMAIL.COM;NA;NA;40830491000112;DIONÍSIO CERQUEIRA
42306539;0001;13;1;NA;02;20241021;00;NA;NA;20210614;5611203;9329899,4723700,9329803;CHACARA;LINHA TOLDO ALTO;SN;PAVMTO 01;INTERIOR;89950000;SC;8097;49;91575892;NA;NA;NA;NA;CLOVIS.CONTABIL@YAHOO.COM;NA;NA;42306539000113;DIONÍSIO CERQUEIRA
42436210;0001;77;1;NA;02;20210623;00;NA;NA;20210623;7911200;7912100;RUA;JULIO DALMAS;15;BOX 03;CENTRO;89950000;SC;8097;49;91185207;NA;NA;NA;NA;LEANDROPAEZFERNANDES@GMAIL.COM;NA;NA;42436210000177;DIONÍSIO CERQUEIRA
48096710;0001;93;1;NA;02;20220927;00;NA;NA;20220927;5611201;5611203;RUA;RUA PRIMAVERA LOT IMPERADOR;20;CONJ BRANCA;IMPERADOR;89950000;SC;8097;49;91636671;NA;NA;NA;NA;MALHMANNIVONEI6@GMAIL.COM;NA;NA;48096710000193;DIONÍSIO CERQUEIRA
49388000;0001;08;1;NA;02;20230130;00;NA;NA;20230130;5611201;4721102,4723700,5611204,5620104;AVENIDA;PARANA;20;NA;CENTRO;89950000;SC;8097;49;91674083;NA;NA;NA;NA;MACEDO06061989@GMAIL.COM;NA;NA;49388000000108;DIONÍSIO CERQUEIRA
58324854;0001;03;1;NA;02;20241203;00;NA;NA;20241203;5611205;4729601,5611201,5611203,8230001,8230002;RUA;DOM PEDRO I;220;SALA;CENTRO;89950000;SC;8097;49;99113323;NA;NA;NA;NA;NASCIMENTO50MM@GMAIL.COM;NA;NA;58324854000103;DIONÍSIO CERQUEIRA
65540828;0001;88;1;LUIZ DIEL;02;20260220;00;NA;105;20260220;7911200;7912100;DISTRITO;SAO PEDRO TOBIAS;00;LOTE  RURAL 130  GLEBA 5;INTERIOR;89950000;SC;8097;49;91680915;0000;00000000;NA;NA;NIKECONTABILDIADE@YAHOO.COM.BR;NA;NA;65540828000188;DIONÍSIO CERQUEIRA
04698410;0009;66;2;COOPERCAB-CAFE COLONIAL UNIDADE 7;02;20180921;00;NA;NA;20021119;5611204;NA;AVENIDA;WASHINGTON LUIZ;380;NA;CENTRO;89950000;SC;8097;NA;NA;NA;NA;NA;NA;NA;NA;NA;04698410000966;DIONÍSIO CERQUEIRA
